[debug] [2025-11-26T09:07:17.269Z] [Firebase Plugin] Activating Firebase extension.
[debug] [2025-11-26T09:07:21.029Z] [Firebase Plugin] requireAuthWrapper
[debug] [2025-11-26T09:07:21.045Z] > command requires scopes: ["email","openid","https://www.googleapis.com/auth/cloudplatformprojects.readonly","https://www.googleapis.com/auth/firebase","https://www.googleapis.com/auth/cloud-platform"]
[debug] [2025-11-26T09:07:21.045Z] > authorizing via signed-in user (geminixpro161@gmail.com)
[debug] [2025-11-26T09:07:21.047Z] Checked if tokens are valid: false, expires at: 1764077958183
[debug] [2025-11-26T09:07:21.047Z] Checked if tokens are valid: false, expires at: 1764077958183
[debug] [2025-11-26T09:07:21.047Z] > refreshing access token with scopes: []
[debug] [2025-11-26T09:07:21.048Z] >>> [apiv2][query] POST https://www.googleapis.com/oauth2/v3/token [none]
[debug] [2025-11-26T09:07:21.048Z] >>> [apiv2][body] POST https://www.googleapis.com/oauth2/v3/token [omitted]
[debug] [2025-11-26T09:07:21.055Z] [Firebase Plugin] VSCode notification server listening on port 40001
[info] [Firebase Plugin] Starting Data Connect toolkit (version 2.17.0) on port 50001
[info] i  dataconnect: downloading dataconnect-emulator-2.17.0.exe... {"metadata":{"emulator":{"name":"dataconnect"},"message":"downloading dataconnect-emulator-2.17.0.exe..."}}
[debug] [2025-11-26T09:07:21.197Z] >>> [apiv2][query] GET https://storage.googleapis.com/firemat-preview-drop/emulator/dataconnect-emulator-windows-amd64-v2.17.0 
[debug] [2025-11-26T09:07:21.293Z] <<< [apiv2][status] POST https://www.googleapis.com/oauth2/v3/token 200
[debug] [2025-11-26T09:07:21.293Z] <<< [apiv2][body] POST https://www.googleapis.com/oauth2/v3/token [omitted]
[debug] [2025-11-26T09:07:21.315Z] [Firebase Plugin] User found:  geminixpro161@gmail.com
[info] [Firebase Plugin] (Core:Project) New user detected, fetching projects
[debug] [2025-11-26T09:07:21.317Z] Checked if tokens are valid: true, expires at: 1764151640293
[debug] [2025-11-26T09:07:21.318Z] >>> [apiv2][query] GET https://firebase.googleapis.com/v1beta1/projects pageSize=1000
[debug] [2025-11-26T09:07:21.492Z] <<< [apiv2][status] GET https://storage.googleapis.com/firemat-preview-drop/emulator/dataconnect-emulator-windows-amd64-v2.17.0 200
[debug] [2025-11-26T09:07:21.492Z] <<< [apiv2][body] GET https://storage.googleapis.com/firemat-preview-drop/emulator/dataconnect-emulator-windows-amd64-v2.17.0 [stream]
[debug] [2025-11-26T09:07:21.817Z] <<< [apiv2][status] GET https://firebase.googleapis.com/v1beta1/projects 200
[debug] [2025-11-26T09:07:21.817Z] <<< [apiv2][body] GET https://firebase.googleapis.com/v1beta1/projects [omitted]
[debug] [2025-11-26T09:07:23.466Z] 'fdc build' failed with error: Unable to build your Data Connect schema and connectors (exit code 1): E1126 11:07:23.455484    3948 cmd.go:43] Error loading data connect config: could not find dataconnect.yaml in `d:\WORK\EGIS-UKRAINA\PROJECTs\vac-dashboard\vac-dashboard\dataconnect`
 {"metadata":{"emulator":{"name":"dataconnect"},"message":"'fdc build' failed with error: Unable to build your Data Connect schema and connectors (exit code 1): E1126 11:07:23.455484    3948 cmd.go:43] Error loading data connect config: could not find dataconnect.yaml in `d:\\WORK\\EGIS-UKRAINA\\PROJECTs\\vac-dashboard\\vac-dashboard\\dataconnect`\n"}}
[debug] [2025-11-26T09:07:23.467Z] Ignoring unsupported arg: auto_download {"metadata":{"emulator":{"name":"dataconnect"},"message":"Ignoring unsupported arg: auto_download"}}
[debug] [2025-11-26T09:07:23.468Z] Ignoring unsupported arg: port {"metadata":{"emulator":{"name":"dataconnect"},"message":"Ignoring unsupported arg: port"}}
[debug] [2025-11-26T09:07:23.468Z] Starting Data Connect Emulator with command {"binary":"C:\\Users\\User\\.cache\\firebase\\emulators\\dataconnect-emulator-2.17.0.exe","args":["--logtostderr","-v=2","dev","--listen=localhost:50001","--config_dir=d:\\WORK\\EGIS-UKRAINA\\PROJECTs\\vac-dashboard\\vac-dashboard\\dataconnect","--enable_output_schema_extensions=true","--enable_output_generated_sdk=true"],"optionalArgs":["listen","config_dir","enable_output_schema_extensions","enable_output_generated_sdk"],"joinArgs":true,"shell":false,"port":9399} {"metadata":{"emulator":{"name":"dataconnect"},"message":"Starting Data Connect Emulator with command {\"binary\":\"C:\\\\Users\\\\User\\\\.cache\\\\firebase\\\\emulators\\\\dataconnect-emulator-2.17.0.exe\",\"args\":[\"--logtostderr\",\"-v=2\",\"dev\",\"--listen=localhost:50001\",\"--config_dir=d:\\\\WORK\\\\EGIS-UKRAINA\\\\PROJECTs\\\\vac-dashboard\\\\vac-dashboard\\\\dataconnect\",\"--enable_output_schema_extensions=true\",\"--enable_output_generated_sdk=true\"],\"optionalArgs\":[\"listen\",\"config_dir\",\"enable_output_schema_extensions\",\"enable_output_generated_sdk\"],\"joinArgs\":true,\"shell\":false,\"port\":9399}"}}
[info] i  dataconnect: Data Connect Emulator logging to dataconnect-debug.log {"metadata":{"emulator":{"name":"dataconnect"},"message":"Data Connect Emulator logging to \u001b[1mdataconnect-debug.log\u001b[22m"}}
[debug] [2025-11-26T09:07:23.499Z] E1126 11:07:23.493530   25404 dev.go:82] Failed to load initial config from "d:\\WORK\\EGIS-UKRAINA\\PROJECTs\\vac-dashboard\\vac-dashboard\\dataconnect": could not find dataconnect.yaml in `d:\WORK\EGIS-UKRAINA\PROJECTs\vac-dashboard\vac-dashboard\dataconnect`
 {"metadata":{"emulator":{"name":"dataconnect"},"message":"E1126 11:07:23.493530   25404 dev.go:82] Failed to load initial config from \"d:\\\\WORK\\\\EGIS-UKRAINA\\\\PROJECTs\\\\vac-dashboard\\\\vac-dashboard\\\\dataconnect\": could not find dataconnect.yaml in `d:\\WORK\\EGIS-UKRAINA\\PROJECTs\\vac-dashboard\\vac-dashboard\\dataconnect`\n"}}
[debug] [2025-11-26T09:07:23.500Z] E1126 11:07:23.499923   25404 watch.go:102] watchAllDir unable to walk dir `d:\WORK\EGIS-UKRAINA\PROJECTs\vac-dashboard\vac-dashboard\dataconnect`: CreateFile d:\WORK\EGIS-UKRAINA\PROJECTs\vac-dashboard\vac-dashboard\dataconnect: The system cannot find the file specified.
 {"metadata":{"emulator":{"name":"dataconnect"},"message":"E1126 11:07:23.499923   25404 watch.go:102] watchAllDir unable to walk dir `d:\\WORK\\EGIS-UKRAINA\\PROJECTs\\vac-dashboard\\vac-dashboard\\dataconnect`: CreateFile d:\\WORK\\EGIS-UKRAINA\\PROJECTs\\vac-dashboard\\vac-dashboard\\dataconnect: The system cannot find the file specified.\n"}}
[debug] [2025-11-26T09:07:23.506Z] I1126 11:07:23.506790   25404 dev.go:105] Listening on address (HTTP + gRPC): 127.0.0.1:50001
 {"metadata":{"emulator":{"name":"dataconnect"},"message":"I1126 11:07:23.506790   25404 dev.go:105] Listening on address (HTTP + gRPC): 127.0.0.1:50001\n"}}
[error] [Firebase Plugin] error:  {}
[debug] [2025-11-26T09:07:33.500Z] E1126 11:07:33.500556   25404 watch.go:31] Failed to load config from "d:\\WORK\\EGIS-UKRAINA\\PROJECTs\\vac-dashboard\\vac-dashboard\\dataconnect": could not find dataconnect.yaml in `d:\WORK\EGIS-UKRAINA\PROJECTs\vac-dashboard\vac-dashboard\dataconnect`
 {"metadata":{"emulator":{"name":"dataconnect"},"message":"E1126 11:07:33.500556   25404 watch.go:31] Failed to load config from \"d:\\\\WORK\\\\EGIS-UKRAINA\\\\PROJECTs\\\\vac-dashboard\\\\vac-dashboard\\\\dataconnect\": could not find dataconnect.yaml in `d:\\WORK\\EGIS-UKRAINA\\PROJECTs\\vac-dashboard\\vac-dashboard\\dataconnect`\n"}}
[debug] [2025-11-26T09:07:43.500Z] E1126 11:07:43.500471   25404 watch.go:31] Failed to load config from "d:\\WORK\\EGIS-UKRAINA\\PROJECTs\\vac-dashboard\\vac-dashboard\\dataconnect": could not find dataconnect.yaml in `d:\WORK\EGIS-UKRAINA\PROJECTs\vac-dashboard\vac-dashboard\dataconnect`
 {"metadata":{"emulator":{"name":"dataconnect"},"message":"E1126 11:07:43.500471   25404 watch.go:31] Failed to load config from \"d:\\\\WORK\\\\EGIS-UKRAINA\\\\PROJECTs\\\\vac-dashboard\\\\vac-dashboard\\\\dataconnect\": could not find dataconnect.yaml in `d:\\WORK\\EGIS-UKRAINA\\PROJECTs\\vac-dashboard\\vac-dashboard\\dataconnect`\n"}}
[debug] [2025-11-26T09:07:53.501Z] E1126 11:07:53.501027   25404 watch.go:31] Failed to load config from "d:\\WORK\\EGIS-UKRAINA\\PROJECTs\\vac-dashboard\\vac-dashboard\\dataconnect": could not find dataconnect.yaml in `d:\WORK\EGIS-UKRAINA\PROJECTs\vac-dashboard\vac-dashboard\dataconnect`
 {"metadata":{"emulator":{"name":"dataconnect"},"message":"E1126 11:07:53.501027   25404 watch.go:31] Failed to load config from \"d:\\\\WORK\\\\EGIS-UKRAINA\\\\PROJECTs\\\\vac-dashboard\\\\vac-dashboard\\\\dataconnect\": could not find dataconnect.yaml in `d:\\WORK\\EGIS-UKRAINA\\PROJECTs\\vac-dashboard\\vac-dashboard\\dataconnect`\n"}}
[debug] [2025-11-26T09:08:03.500Z] E1126 11:08:03.500472   25404 watch.go:31] Failed to load config from "d:\\WORK\\EGIS-UKRAINA\\PROJECTs\\vac-dashboard\\vac-dashboard\\dataconnect": could not find dataconnect.yaml in `d:\WORK\EGIS-UKRAINA\PROJECTs\vac-dashboard\vac-dashboard\dataconnect`
 {"metadata":{"emulator":{"name":"dataconnect"},"message":"E1126 11:08:03.500472   25404 watch.go:31] Failed to load config from \"d:\\\\WORK\\\\EGIS-UKRAINA\\\\PROJECTs\\\\vac-dashboard\\\\vac-dashboard\\\\dataconnect\": could not find dataconnect.yaml in `d:\\WORK\\EGIS-UKRAINA\\PROJECTs\\vac-dashboard\\vac-dashboard\\dataconnect`\n"}}
[debug] [2025-11-26T09:08:13.501Z] E1126 11:08:13.500998   25404 watch.go:31] Failed to load config from "d:\\WORK\\EGIS-UKRAINA\\PROJECTs\\vac-dashboard\\vac-dashboard\\dataconnect": could not find dataconnect.yaml in `d:\WORK\EGIS-UKRAINA\PROJECTs\vac-dashboard\vac-dashboard\dataconnect`
 {"metadata":{"emulator":{"name":"dataconnect"},"message":"E1126 11:08:13.500998   25404 watch.go:31] Failed to load config from \"d:\\\\WORK\\\\EGIS-UKRAINA\\\\PROJECTs\\\\vac-dashboard\\\\vac-dashboard\\\\dataconnect\": could not find dataconnect.yaml in `d:\\WORK\\EGIS-UKRAINA\\PROJECTs\\vac-dashboard\\vac-dashboard\\dataconnect`\n"}}
[debug] [2025-11-26T09:08:23.500Z] E1126 11:08:23.500543   25404 watch.go:31] Failed to load config from "d:\\WORK\\EGIS-UKRAINA\\PROJECTs\\vac-dashboard\\vac-dashboard\\dataconnect": could not find dataconnect.yaml in `d:\WORK\EGIS-UKRAINA\PROJECTs\vac-dashboard\vac-dashboard\dataconnect`
 {"metadata":{"emulator":{"name":"dataconnect"},"message":"E1126 11:08:23.500543   25404 watch.go:31] Failed to load config from \"d:\\\\WORK\\\\EGIS-UKRAINA\\\\PROJECTs\\\\vac-dashboard\\\\vac-dashboard\\\\dataconnect\": could not find dataconnect.yaml in `d:\\WORK\\EGIS-UKRAINA\\PROJECTs\\vac-dashboard\\vac-dashboard\\dataconnect`\n"}}
[debug] [2025-11-26T09:08:33.500Z] E1126 11:08:33.500550   25404 watch.go:31] Failed to load config from "d:\\WORK\\EGIS-UKRAINA\\PROJECTs\\vac-dashboard\\vac-dashboard\\dataconnect": could not find dataconnect.yaml in `d:\WORK\EGIS-UKRAINA\PROJECTs\vac-dashboard\vac-dashboard\dataconnect`
 {"metadata":{"emulator":{"name":"dataconnect"},"message":"E1126 11:08:33.500550   25404 watch.go:31] Failed to load config from \"d:\\\\WORK\\\\EGIS-UKRAINA\\\\PROJECTs\\\\vac-dashboard\\\\vac-dashboard\\\\dataconnect\": could not find dataconnect.yaml in `d:\\WORK\\EGIS-UKRAINA\\PROJECTs\\vac-dashboard\\vac-dashboard\\dataconnect`\n"}}
[debug] [2025-11-26T09:08:43.500Z] E1126 11:08:43.500494   25404 watch.go:31] Failed to load config from "d:\\WORK\\EGIS-UKRAINA\\PROJECTs\\vac-dashboard\\vac-dashboard\\dataconnect": could not find dataconnect.yaml in `d:\WORK\EGIS-UKRAINA\PROJECTs\vac-dashboard\vac-dashboard\dataconnect`
 {"metadata":{"emulator":{"name":"dataconnect"},"message":"E1126 11:08:43.500494   25404 watch.go:31] Failed to load config from \"d:\\\\WORK\\\\EGIS-UKRAINA\\\\PROJECTs\\\\vac-dashboard\\\\vac-dashboard\\\\dataconnect\": could not find dataconnect.yaml in `d:\\WORK\\EGIS-UKRAINA\\PROJECTs\\vac-dashboard\\vac-dashboard\\dataconnect`\n"}}
[debug] [2025-11-26T09:08:53.500Z] E1126 11:08:53.500587   25404 watch.go:31] Failed to load config from "d:\\WORK\\EGIS-UKRAINA\\PROJECTs\\vac-dashboard\\vac-dashboard\\dataconnect": could not find dataconnect.yaml in `d:\WORK\EGIS-UKRAINA\PROJECTs\vac-dashboard\vac-dashboard\dataconnect`
 {"metadata":{"emulator":{"name":"dataconnect"},"message":"E1126 11:08:53.500587   25404 watch.go:31] Failed to load config from \"d:\\\\WORK\\\\EGIS-UKRAINA\\\\PROJECTs\\\\vac-dashboard\\\\vac-dashboard\\\\dataconnect\": could not find dataconnect.yaml in `d:\\WORK\\EGIS-UKRAINA\\PROJECTs\\vac-dashboard\\vac-dashboard\\dataconnect`\n"}}
[debug] [2025-11-26T09:09:03.500Z] E1126 11:09:03.500807   25404 watch.go:31] Failed to load config from "d:\\WORK\\EGIS-UKRAINA\\PROJECTs\\vac-dashboard\\vac-dashboard\\dataconnect": could not find dataconnect.yaml in `d:\WORK\EGIS-UKRAINA\PROJECTs\vac-dashboard\vac-dashboard\dataconnect`
 {"metadata":{"emulator":{"name":"dataconnect"},"message":"E1126 11:09:03.500807   25404 watch.go:31] Failed to load config from \"d:\\\\WORK\\\\EGIS-UKRAINA\\\\PROJECTs\\\\vac-dashboard\\\\vac-dashboard\\\\dataconnect\": could not find dataconnect.yaml in `d:\\WORK\\EGIS-UKRAINA\\PROJECTs\\vac-dashboard\\vac-dashboard\\dataconnect`\n"}}
[debug] [2025-11-26T09:09:13.501Z] E1126 11:09:13.500882   25404 watch.go:31] Failed to load config from "d:\\WORK\\EGIS-UKRAINA\\PROJECTs\\vac-dashboard\\vac-dashboard\\dataconnect": could not find dataconnect.yaml in `d:\WORK\EGIS-UKRAINA\PROJECTs\vac-dashboard\vac-dashboard\dataconnect`
 {"metadata":{"emulator":{"name":"dataconnect"},"message":"E1126 11:09:13.500882   25404 watch.go:31] Failed to load config from \"d:\\\\WORK\\\\EGIS-UKRAINA\\\\PROJECTs\\\\vac-dashboard\\\\vac-dashboard\\\\dataconnect\": could not find dataconnect.yaml in `d:\\WORK\\EGIS-UKRAINA\\PROJECTs\\vac-dashboard\\vac-dashboard\\dataconnect`\n"}}
[debug] [2025-11-26T09:09:23.500Z] E1126 11:09:23.500776   25404 watch.go:31] Failed to load config from "d:\\WORK\\EGIS-UKRAINA\\PROJECTs\\vac-dashboard\\vac-dashboard\\dataconnect": could not find dataconnect.yaml in `d:\WORK\EGIS-UKRAINA\PROJECTs\vac-dashboard\vac-dashboard\dataconnect`
E1126 11:09:23.500776   25404 watch.go:102] watchAllDir unable to walk dir `d:\WORK\EGIS-UKRAINA\PROJECTs\vac-dashboard\vac-dashboard\dataconnect`: CreateFile d:\WORK\EGIS-UKRAINA\PROJECTs\vac-dashboard\vac-dashboard\dataconnect: The system cannot find the file specified.
 {"metadata":{"emulator":{"name":"dataconnect"},"message":"E1126 11:09:23.500776   25404 watch.go:31] Failed to load config from \"d:\\\\WORK\\\\EGIS-UKRAINA\\\\PROJECTs\\\\vac-dashboard\\\\vac-dashboard\\\\dataconnect\": could not find dataconnect.yaml in `d:\\WORK\\EGIS-UKRAINA\\PROJECTs\\vac-dashboard\\vac-dashboard\\dataconnect`\nE1126 11:09:23.500776   25404 watch.go:102] watchAllDir unable to walk dir `d:\\WORK\\EGIS-UKRAINA\\PROJECTs\\vac-dashboard\\vac-dashboard\\dataconnect`: CreateFile d:\\WORK\\EGIS-UKRAINA\\PROJECTs\\vac-dashboard\\vac-dashboard\\dataconnect: The system cannot find the file specified.\n"}}
[debug] [2025-11-26T09:09:33.501Z] E1126 11:09:33.501622   25404 watch.go:31] Failed to load config from "d:\\WORK\\EGIS-UKRAINA\\PROJECTs\\vac-dashboard\\vac-dashboard\\dataconnect": could not find dataconnect.yaml in `d:\WORK\EGIS-UKRAINA\PROJECTs\vac-dashboard\vac-dashboard\dataconnect`
 {"metadata":{"emulator":{"name":"dataconnect"},"message":"E1126 11:09:33.501622   25404 watch.go:31] Failed to load config from \"d:\\\\WORK\\\\EGIS-UKRAINA\\\\PROJECTs\\\\vac-dashboard\\\\vac-dashboard\\\\dataconnect\": could not find dataconnect.yaml in `d:\\WORK\\EGIS-UKRAINA\\PROJECTs\\vac-dashboard\\vac-dashboard\\dataconnect`\n"}}
[debug] [2025-11-26T09:09:43.500Z] E1126 11:09:43.500669   25404 watch.go:31] Failed to load config from "d:\\WORK\\EGIS-UKRAINA\\PROJECTs\\vac-dashboard\\vac-dashboard\\dataconnect": could not find dataconnect.yaml in `d:\WORK\EGIS-UKRAINA\PROJECTs\vac-dashboard\vac-dashboard\dataconnect`
 {"metadata":{"emulator":{"name":"dataconnect"},"message":"E1126 11:09:43.500669   25404 watch.go:31] Failed to load config from \"d:\\\\WORK\\\\EGIS-UKRAINA\\\\PROJECTs\\\\vac-dashboard\\\\vac-dashboard\\\\dataconnect\": could not find dataconnect.yaml in `d:\\WORK\\EGIS-UKRAINA\\PROJECTs\\vac-dashboard\\vac-dashboard\\dataconnect`\n"}}
[debug] [2025-11-26T09:09:53.500Z] E1126 11:09:53.500979   25404 watch.go:31] Failed to load config from "d:\\WORK\\EGIS-UKRAINA\\PROJECTs\\vac-dashboard\\vac-dashboard\\dataconnect": could not find dataconnect.yaml in `d:\WORK\EGIS-UKRAINA\PROJECTs\vac-dashboard\vac-dashboard\dataconnect`
 {"metadata":{"emulator":{"name":"dataconnect"},"message":"E1126 11:09:53.500979   25404 watch.go:31] Failed to load config from \"d:\\\\WORK\\\\EGIS-UKRAINA\\\\PROJECTs\\\\vac-dashboard\\\\vac-dashboard\\\\dataconnect\": could not find dataconnect.yaml in `d:\\WORK\\EGIS-UKRAINA\\PROJECTs\\vac-dashboard\\vac-dashboard\\dataconnect`\n"}}
[debug] [2025-11-26T09:10:03.501Z] E1126 11:10:03.501170   25404 watch.go:31] Failed to load config from "d:\\WORK\\EGIS-UKRAINA\\PROJECTs\\vac-dashboard\\vac-dashboard\\dataconnect": could not find dataconnect.yaml in `d:\WORK\EGIS-UKRAINA\PROJECTs\vac-dashboard\vac-dashboard\dataconnect`
 {"metadata":{"emulator":{"name":"dataconnect"},"message":"E1126 11:10:03.501170   25404 watch.go:31] Failed to load config from \"d:\\\\WORK\\\\EGIS-UKRAINA\\\\PROJECTs\\\\vac-dashboard\\\\vac-dashboard\\\\dataconnect\": could not find dataconnect.yaml in `d:\\WORK\\EGIS-UKRAINA\\PROJECTs\\vac-dashboard\\vac-dashboard\\dataconnect`\n"}}
[debug] [2025-11-26T09:10:13.500Z] E1126 11:10:13.501002   25404 watch.go:31] Failed to load config from "d:\\WORK\\EGIS-UKRAINA\\PROJECTs\\vac-dashboard\\vac-dashboard\\dataconnect": could not find dataconnect.yaml in `d:\WORK\EGIS-UKRAINA\PROJECTs\vac-dashboard\vac-dashboard\dataconnect`
 {"metadata":{"emulator":{"name":"dataconnect"},"message":"E1126 11:10:13.501002   25404 watch.go:31] Failed to load config from \"d:\\\\WORK\\\\EGIS-UKRAINA\\\\PROJECTs\\\\vac-dashboard\\\\vac-dashboard\\\\dataconnect\": could not find dataconnect.yaml in `d:\\WORK\\EGIS-UKRAINA\\PROJECTs\\vac-dashboard\\vac-dashboard\\dataconnect`\n"}}
[debug] [2025-11-26T09:10:23.500Z] E1126 11:10:23.500881   25404 watch.go:31] Failed to load config from "d:\\WORK\\EGIS-UKRAINA\\PROJECTs\\vac-dashboard\\vac-dashboard\\dataconnect": could not find dataconnect.yaml in `d:\WORK\EGIS-UKRAINA\PROJECTs\vac-dashboard\vac-dashboard\dataconnect`
 {"metadata":{"emulator":{"name":"dataconnect"},"message":"E1126 11:10:23.500881   25404 watch.go:31] Failed to load config from \"d:\\\\WORK\\\\EGIS-UKRAINA\\\\PROJECTs\\\\vac-dashboard\\\\vac-dashboard\\\\dataconnect\": could not find dataconnect.yaml in `d:\\WORK\\EGIS-UKRAINA\\PROJECTs\\vac-dashboard\\vac-dashboard\\dataconnect`\n"}}
[debug] [2025-11-26T09:10:33.501Z] E1126 11:10:33.501338   25404 watch.go:31] Failed to load config from "d:\\WORK\\EGIS-UKRAINA\\PROJECTs\\vac-dashboard\\vac-dashboard\\dataconnect": could not find dataconnect.yaml in `d:\WORK\EGIS-UKRAINA\PROJECTs\vac-dashboard\vac-dashboard\dataconnect`
 {"metadata":{"emulator":{"name":"dataconnect"},"message":"E1126 11:10:33.501338   25404 watch.go:31] Failed to load config from \"d:\\\\WORK\\\\EGIS-UKRAINA\\\\PROJECTs\\\\vac-dashboard\\\\vac-dashboard\\\\dataconnect\": could not find dataconnect.yaml in `d:\\WORK\\EGIS-UKRAINA\\PROJECTs\\vac-dashboard\\vac-dashboard\\dataconnect`\n"}}
[debug] [2025-11-26T09:10:43.500Z] E1126 11:10:43.500761   25404 watch.go:31] Failed to load config from "d:\\WORK\\EGIS-UKRAINA\\PROJECTs\\vac-dashboard\\vac-dashboard\\dataconnect": could not find dataconnect.yaml in `d:\WORK\EGIS-UKRAINA\PROJECTs\vac-dashboard\vac-dashboard\dataconnect`
 {"metadata":{"emulator":{"name":"dataconnect"},"message":"E1126 11:10:43.500761   25404 watch.go:31] Failed to load config from \"d:\\\\WORK\\\\EGIS-UKRAINA\\\\PROJECTs\\\\vac-dashboard\\\\vac-dashboard\\\\dataconnect\": could not find dataconnect.yaml in `d:\\WORK\\EGIS-UKRAINA\\PROJECTs\\vac-dashboard\\vac-dashboard\\dataconnect`\n"}}
[debug] [2025-11-26T09:10:53.499Z] E1126 11:10:53.500556   25404 watch.go:31] Failed to load config from "d:\\WORK\\EGIS-UKRAINA\\PROJECTs\\vac-dashboard\\vac-dashboard\\dataconnect": could not find dataconnect.yaml in `d:\WORK\EGIS-UKRAINA\PROJECTs\vac-dashboard\vac-dashboard\dataconnect`
 {"metadata":{"emulator":{"name":"dataconnect"},"message":"E1126 11:10:53.500556   25404 watch.go:31] Failed to load config from \"d:\\\\WORK\\\\EGIS-UKRAINA\\\\PROJECTs\\\\vac-dashboard\\\\vac-dashboard\\\\dataconnect\": could not find dataconnect.yaml in `d:\\WORK\\EGIS-UKRAINA\\PROJECTs\\vac-dashboard\\vac-dashboard\\dataconnect`\n"}}
[debug] [2025-11-26T09:11:03.499Z] E1126 11:11:03.500810   25404 watch.go:31] Failed to load config from "d:\\WORK\\EGIS-UKRAINA\\PROJECTs\\vac-dashboard\\vac-dashboard\\dataconnect": could not find dataconnect.yaml in `d:\WORK\EGIS-UKRAINA\PROJECTs\vac-dashboard\vac-dashboard\dataconnect`
 {"metadata":{"emulator":{"name":"dataconnect"},"message":"E1126 11:11:03.500810   25404 watch.go:31] Failed to load config from \"d:\\\\WORK\\\\EGIS-UKRAINA\\\\PROJECTs\\\\vac-dashboard\\\\vac-dashboard\\\\dataconnect\": could not find dataconnect.yaml in `d:\\WORK\\EGIS-UKRAINA\\PROJECTs\\vac-dashboard\\vac-dashboard\\dataconnect`\n"}}
[debug] [2025-11-26T09:11:13.499Z] E1126 11:11:13.500952   25404 watch.go:31] Failed to load config from "d:\\WORK\\EGIS-UKRAINA\\PROJECTs\\vac-dashboard\\vac-dashboard\\dataconnect": could not find dataconnect.yaml in `d:\WORK\EGIS-UKRAINA\PROJECTs\vac-dashboard\vac-dashboard\dataconnect`
 {"metadata":{"emulator":{"name":"dataconnect"},"message":"E1126 11:11:13.500952   25404 watch.go:31] Failed to load config from \"d:\\\\WORK\\\\EGIS-UKRAINA\\\\PROJECTs\\\\vac-dashboard\\\\vac-dashboard\\\\dataconnect\": could not find dataconnect.yaml in `d:\\WORK\\EGIS-UKRAINA\\PROJECTs\\vac-dashboard\\vac-dashboard\\dataconnect`\n"}}
[debug] [2025-11-26T09:11:23.499Z] E1126 11:11:23.500881   25404 watch.go:31] Failed to load config from "d:\\WORK\\EGIS-UKRAINA\\PROJECTs\\vac-dashboard\\vac-dashboard\\dataconnect": could not find dataconnect.yaml in `d:\WORK\EGIS-UKRAINA\PROJECTs\vac-dashboard\vac-dashboard\dataconnect`
E1126 11:11:23.500881   25404 watch.go:102] watchAllDir unable to walk dir `d:\WORK\EGIS-UKRAINA\PROJECTs\vac-dashboard\vac-dashboard\dataconnect`: CreateFile d:\WORK\EGIS-UKRAINA\PROJECTs\vac-dashboard\vac-dashboard\dataconnect: The system cannot find the file specified.
 {"metadata":{"emulator":{"name":"dataconnect"},"message":"E1126 11:11:23.500881   25404 watch.go:31] Failed to load config from \"d:\\\\WORK\\\\EGIS-UKRAINA\\\\PROJECTs\\\\vac-dashboard\\\\vac-dashboard\\\\dataconnect\": could not find dataconnect.yaml in `d:\\WORK\\EGIS-UKRAINA\\PROJECTs\\vac-dashboard\\vac-dashboard\\dataconnect`\nE1126 11:11:23.500881   25404 watch.go:102] watchAllDir unable to walk dir `d:\\WORK\\EGIS-UKRAINA\\PROJECTs\\vac-dashboard\\vac-dashboard\\dataconnect`: CreateFile d:\\WORK\\EGIS-UKRAINA\\PROJECTs\\vac-dashboard\\vac-dashboard\\dataconnect: The system cannot find the file specified.\n"}}
[debug] [2025-11-26T09:11:33.499Z] E1126 11:11:33.500851   25404 watch.go:31] Failed to load config from "d:\\WORK\\EGIS-UKRAINA\\PROJECTs\\vac-dashboard\\vac-dashboard\\dataconnect": could not find dataconnect.yaml in `d:\WORK\EGIS-UKRAINA\PROJECTs\vac-dashboard\vac-dashboard\dataconnect`
 {"metadata":{"emulator":{"name":"dataconnect"},"message":"E1126 11:11:33.500851   25404 watch.go:31] Failed to load config from \"d:\\\\WORK\\\\EGIS-UKRAINA\\\\PROJECTs\\\\vac-dashboard\\\\vac-dashboard\\\\dataconnect\": could not find dataconnect.yaml in `d:\\WORK\\EGIS-UKRAINA\\PROJECTs\\vac-dashboard\\vac-dashboard\\dataconnect`\n"}}
[debug] [2025-11-26T09:11:43.500Z] E1126 11:11:43.501273   25404 watch.go:31] Failed to load config from "d:\\WORK\\EGIS-UKRAINA\\PROJECTs\\vac-dashboard\\vac-dashboard\\dataconnect": could not find dataconnect.yaml in `d:\WORK\EGIS-UKRAINA\PROJECTs\vac-dashboard\vac-dashboard\dataconnect`
 {"metadata":{"emulator":{"name":"dataconnect"},"message":"E1126 11:11:43.501273   25404 watch.go:31] Failed to load config from \"d:\\\\WORK\\\\EGIS-UKRAINA\\\\PROJECTs\\\\vac-dashboard\\\\vac-dashboard\\\\dataconnect\": could not find dataconnect.yaml in `d:\\WORK\\EGIS-UKRAINA\\PROJECTs\\vac-dashboard\\vac-dashboard\\dataconnect`\n"}}
[debug] [2025-11-26T09:11:53.500Z] E1126 11:11:53.500861   25404 watch.go:31] Failed to load config from "d:\\WORK\\EGIS-UKRAINA\\PROJECTs\\vac-dashboard\\vac-dashboard\\dataconnect": could not find dataconnect.yaml in `d:\WORK\EGIS-UKRAINA\PROJECTs\vac-dashboard\vac-dashboard\dataconnect`
 {"metadata":{"emulator":{"name":"dataconnect"},"message":"E1126 11:11:53.500861   25404 watch.go:31] Failed to load config from \"d:\\\\WORK\\\\EGIS-UKRAINA\\\\PROJECTs\\\\vac-dashboard\\\\vac-dashboard\\\\dataconnect\": could not find dataconnect.yaml in `d:\\WORK\\EGIS-UKRAINA\\PROJECTs\\vac-dashboard\\vac-dashboard\\dataconnect`\n"}}
[debug] [2025-11-26T09:12:03.500Z] E1126 11:12:03.500966   25404 watch.go:31] Failed to load config from "d:\\WORK\\EGIS-UKRAINA\\PROJECTs\\vac-dashboard\\vac-dashboard\\dataconnect": could not find dataconnect.yaml in `d:\WORK\EGIS-UKRAINA\PROJECTs\vac-dashboard\vac-dashboard\dataconnect`
 {"metadata":{"emulator":{"name":"dataconnect"},"message":"E1126 11:12:03.500966   25404 watch.go:31] Failed to load config from \"d:\\\\WORK\\\\EGIS-UKRAINA\\\\PROJECTs\\\\vac-dashboard\\\\vac-dashboard\\\\dataconnect\": could not find dataconnect.yaml in `d:\\WORK\\EGIS-UKRAINA\\PROJECTs\\vac-dashboard\\vac-dashboard\\dataconnect`\n"}}
[debug] [2025-11-26T09:12:13.500Z] E1126 11:12:13.500657   25404 watch.go:31] Failed to load config from "d:\\WORK\\EGIS-UKRAINA\\PROJECTs\\vac-dashboard\\vac-dashboard\\dataconnect": could not find dataconnect.yaml in `d:\WORK\EGIS-UKRAINA\PROJECTs\vac-dashboard\vac-dashboard\dataconnect`
 {"metadata":{"emulator":{"name":"dataconnect"},"message":"E1126 11:12:13.500657   25404 watch.go:31] Failed to load config from \"d:\\\\WORK\\\\EGIS-UKRAINA\\\\PROJECTs\\\\vac-dashboard\\\\vac-dashboard\\\\dataconnect\": could not find dataconnect.yaml in `d:\\WORK\\EGIS-UKRAINA\\PROJECTs\\vac-dashboard\\vac-dashboard\\dataconnect`\n"}}
[debug] [2025-11-26T09:12:23.501Z] E1126 11:12:23.501194   25404 watch.go:31] Failed to load config from "d:\\WORK\\EGIS-UKRAINA\\PROJECTs\\vac-dashboard\\vac-dashboard\\dataconnect": could not find dataconnect.yaml in `d:\WORK\EGIS-UKRAINA\PROJECTs\vac-dashboard\vac-dashboard\dataconnect`
 {"metadata":{"emulator":{"name":"dataconnect"},"message":"E1126 11:12:23.501194   25404 watch.go:31] Failed to load config from \"d:\\\\WORK\\\\EGIS-UKRAINA\\\\PROJECTs\\\\vac-dashboard\\\\vac-dashboard\\\\dataconnect\": could not find dataconnect.yaml in `d:\\WORK\\EGIS-UKRAINA\\PROJECTs\\vac-dashboard\\vac-dashboard\\dataconnect`\n"}}
[debug] [2025-11-26T09:12:33.500Z] E1126 11:12:33.501017   25404 watch.go:31] Failed to load config from "d:\\WORK\\EGIS-UKRAINA\\PROJECTs\\vac-dashboard\\vac-dashboard\\dataconnect": could not find dataconnect.yaml in `d:\WORK\EGIS-UKRAINA\PROJECTs\vac-dashboard\vac-dashboard\dataconnect`
 {"metadata":{"emulator":{"name":"dataconnect"},"message":"E1126 11:12:33.501017   25404 watch.go:31] Failed to load config from \"d:\\\\WORK\\\\EGIS-UKRAINA\\\\PROJECTs\\\\vac-dashboard\\\\vac-dashboard\\\\dataconnect\": could not find dataconnect.yaml in `d:\\WORK\\EGIS-UKRAINA\\PROJECTs\\vac-dashboard\\vac-dashboard\\dataconnect`\n"}}
[debug] [2025-11-26T09:12:43.501Z] E1126 11:12:43.501673   25404 watch.go:31] Failed to load config from "d:\\WORK\\EGIS-UKRAINA\\PROJECTs\\vac-dashboard\\vac-dashboard\\dataconnect": could not find dataconnect.yaml in `d:\WORK\EGIS-UKRAINA\PROJECTs\vac-dashboard\vac-dashboard\dataconnect`
 {"metadata":{"emulator":{"name":"dataconnect"},"message":"E1126 11:12:43.501673   25404 watch.go:31] Failed to load config from \"d:\\\\WORK\\\\EGIS-UKRAINA\\\\PROJECTs\\\\vac-dashboard\\\\vac-dashboard\\\\dataconnect\": could not find dataconnect.yaml in `d:\\WORK\\EGIS-UKRAINA\\PROJECTs\\vac-dashboard\\vac-dashboard\\dataconnect`\n"}}
[debug] [2025-11-26T09:12:53.500Z] E1126 11:12:53.500717   25404 watch.go:31] Failed to load config from "d:\\WORK\\EGIS-UKRAINA\\PROJECTs\\vac-dashboard\\vac-dashboard\\dataconnect": could not find dataconnect.yaml in `d:\WORK\EGIS-UKRAINA\PROJECTs\vac-dashboard\vac-dashboard\dataconnect`
 {"metadata":{"emulator":{"name":"dataconnect"},"message":"E1126 11:12:53.500717   25404 watch.go:31] Failed to load config from \"d:\\\\WORK\\\\EGIS-UKRAINA\\\\PROJECTs\\\\vac-dashboard\\\\vac-dashboard\\\\dataconnect\": could not find dataconnect.yaml in `d:\\WORK\\EGIS-UKRAINA\\PROJECTs\\vac-dashboard\\vac-dashboard\\dataconnect`\n"}}
[debug] [2025-11-26T09:13:03.500Z] E1126 11:13:03.500978   25404 watch.go:31] Failed to load config from "d:\\WORK\\EGIS-UKRAINA\\PROJECTs\\vac-dashboard\\vac-dashboard\\dataconnect": could not find dataconnect.yaml in `d:\WORK\EGIS-UKRAINA\PROJECTs\vac-dashboard\vac-dashboard\dataconnect`
 {"metadata":{"emulator":{"name":"dataconnect"},"message":"E1126 11:13:03.500978   25404 watch.go:31] Failed to load config from \"d:\\\\WORK\\\\EGIS-UKRAINA\\\\PROJECTs\\\\vac-dashboard\\\\vac-dashboard\\\\dataconnect\": could not find dataconnect.yaml in `d:\\WORK\\EGIS-UKRAINA\\PROJECTs\\vac-dashboard\\vac-dashboard\\dataconnect`\n"}}
[debug] [2025-11-26T09:13:13.500Z] E1126 11:13:13.500865   25404 watch.go:31] Failed to load config from "d:\\WORK\\EGIS-UKRAINA\\PROJECTs\\vac-dashboard\\vac-dashboard\\dataconnect": could not find dataconnect.yaml in `d:\WORK\EGIS-UKRAINA\PROJECTs\vac-dashboard\vac-dashboard\dataconnect`
 {"metadata":{"emulator":{"name":"dataconnect"},"message":"E1126 11:13:13.500865   25404 watch.go:31] Failed to load config from \"d:\\\\WORK\\\\EGIS-UKRAINA\\\\PROJECTs\\\\vac-dashboard\\\\vac-dashboard\\\\dataconnect\": could not find dataconnect.yaml in `d:\\WORK\\EGIS-UKRAINA\\PROJECTs\\vac-dashboard\\vac-dashboard\\dataconnect`\n"}}
[debug] [2025-11-26T09:13:23.500Z] E1126 11:13:23.501131   25404 watch.go:31] Failed to load config from "d:\\WORK\\EGIS-UKRAINA\\PROJECTs\\vac-dashboard\\vac-dashboard\\dataconnect": could not find dataconnect.yaml in `d:\WORK\EGIS-UKRAINA\PROJECTs\vac-dashboard\vac-dashboard\dataconnect`
E1126 11:13:23.501131   25404 watch.go:102] watchAllDir unable to walk dir `d:\WORK\EGIS-UKRAINA\PROJECTs\vac-dashboard\vac-dashboard\dataconnect`: CreateFile d:\WORK\EGIS-UKRAINA\PROJECTs\vac-dashboard\vac-dashboard\dataconnect: The system cannot find the file specified.
 {"metadata":{"emulator":{"name":"dataconnect"},"message":"E1126 11:13:23.501131   25404 watch.go:31] Failed to load config from \"d:\\\\WORK\\\\EGIS-UKRAINA\\\\PROJECTs\\\\vac-dashboard\\\\vac-dashboard\\\\dataconnect\": could not find dataconnect.yaml in `d:\\WORK\\EGIS-UKRAINA\\PROJECTs\\vac-dashboard\\vac-dashboard\\dataconnect`\nE1126 11:13:23.501131   25404 watch.go:102] watchAllDir unable to walk dir `d:\\WORK\\EGIS-UKRAINA\\PROJECTs\\vac-dashboard\\vac-dashboard\\dataconnect`: CreateFile d:\\WORK\\EGIS-UKRAINA\\PROJECTs\\vac-dashboard\\vac-dashboard\\dataconnect: The system cannot find the file specified.\n"}}
[debug] [2025-11-26T09:13:33.500Z] E1126 11:13:33.500832   25404 watch.go:31] Failed to load config from "d:\\WORK\\EGIS-UKRAINA\\PROJECTs\\vac-dashboard\\vac-dashboard\\dataconnect": could not find dataconnect.yaml in `d:\WORK\EGIS-UKRAINA\PROJECTs\vac-dashboard\vac-dashboard\dataconnect`
 {"metadata":{"emulator":{"name":"dataconnect"},"message":"E1126 11:13:33.500832   25404 watch.go:31] Failed to load config from \"d:\\\\WORK\\\\EGIS-UKRAINA\\\\PROJECTs\\\\vac-dashboard\\\\vac-dashboard\\\\dataconnect\": could not find dataconnect.yaml in `d:\\WORK\\EGIS-UKRAINA\\PROJECTs\\vac-dashboard\\vac-dashboard\\dataconnect`\n"}}
[debug] [2025-11-26T09:13:43.500Z] E1126 11:13:43.500844   25404 watch.go:31] Failed to load config from "d:\\WORK\\EGIS-UKRAINA\\PROJECTs\\vac-dashboard\\vac-dashboard\\dataconnect": could not find dataconnect.yaml in `d:\WORK\EGIS-UKRAINA\PROJECTs\vac-dashboard\vac-dashboard\dataconnect`
 {"metadata":{"emulator":{"name":"dataconnect"},"message":"E1126 11:13:43.500844   25404 watch.go:31] Failed to load config from \"d:\\\\WORK\\\\EGIS-UKRAINA\\\\PROJECTs\\\\vac-dashboard\\\\vac-dashboard\\\\dataconnect\": could not find dataconnect.yaml in `d:\\WORK\\EGIS-UKRAINA\\PROJECTs\\vac-dashboard\\vac-dashboard\\dataconnect`\n"}}
[debug] [2025-11-26T09:13:53.501Z] E1126 11:13:53.501068   25404 watch.go:31] Failed to load config from "d:\\WORK\\EGIS-UKRAINA\\PROJECTs\\vac-dashboard\\vac-dashboard\\dataconnect": could not find dataconnect.yaml in `d:\WORK\EGIS-UKRAINA\PROJECTs\vac-dashboard\vac-dashboard\dataconnect`
 {"metadata":{"emulator":{"name":"dataconnect"},"message":"E1126 11:13:53.501068   25404 watch.go:31] Failed to load config from \"d:\\\\WORK\\\\EGIS-UKRAINA\\\\PROJECTs\\\\vac-dashboard\\\\vac-dashboard\\\\dataconnect\": could not find dataconnect.yaml in `d:\\WORK\\EGIS-UKRAINA\\PROJECTs\\vac-dashboard\\vac-dashboard\\dataconnect`\n"}}
[debug] [2025-11-26T09:14:03.501Z] E1126 11:14:03.500979   25404 watch.go:31] Failed to load config from "d:\\WORK\\EGIS-UKRAINA\\PROJECTs\\vac-dashboard\\vac-dashboard\\dataconnect": could not find dataconnect.yaml in `d:\WORK\EGIS-UKRAINA\PROJECTs\vac-dashboard\vac-dashboard\dataconnect`
 {"metadata":{"emulator":{"name":"dataconnect"},"message":"E1126 11:14:03.500979   25404 watch.go:31] Failed to load config from \"d:\\\\WORK\\\\EGIS-UKRAINA\\\\PROJECTs\\\\vac-dashboard\\\\vac-dashboard\\\\dataconnect\": could not find dataconnect.yaml in `d:\\WORK\\EGIS-UKRAINA\\PROJECTs\\vac-dashboard\\vac-dashboard\\dataconnect`\n"}}
[debug] [2025-11-26T09:14:13.501Z] E1126 11:14:13.501240   25404 watch.go:31] Failed to load config from "d:\\WORK\\EGIS-UKRAINA\\PROJECTs\\vac-dashboard\\vac-dashboard\\dataconnect": could not find dataconnect.yaml in `d:\WORK\EGIS-UKRAINA\PROJECTs\vac-dashboard\vac-dashboard\dataconnect`
 {"metadata":{"emulator":{"name":"dataconnect"},"message":"E1126 11:14:13.501240   25404 watch.go:31] Failed to load config from \"d:\\\\WORK\\\\EGIS-UKRAINA\\\\PROJECTs\\\\vac-dashboard\\\\vac-dashboard\\\\dataconnect\": could not find dataconnect.yaml in `d:\\WORK\\EGIS-UKRAINA\\PROJECTs\\vac-dashboard\\vac-dashboard\\dataconnect`\n"}}
[debug] [2025-11-26T09:14:23.500Z] E1126 11:14:23.500795   25404 watch.go:31] Failed to load config from "d:\\WORK\\EGIS-UKRAINA\\PROJECTs\\vac-dashboard\\vac-dashboard\\dataconnect": could not find dataconnect.yaml in `d:\WORK\EGIS-UKRAINA\PROJECTs\vac-dashboard\vac-dashboard\dataconnect`
 {"metadata":{"emulator":{"name":"dataconnect"},"message":"E1126 11:14:23.500795   25404 watch.go:31] Failed to load config from \"d:\\\\WORK\\\\EGIS-UKRAINA\\\\PROJECTs\\\\vac-dashboard\\\\vac-dashboard\\\\dataconnect\": could not find dataconnect.yaml in `d:\\WORK\\EGIS-UKRAINA\\PROJECTs\\vac-dashboard\\vac-dashboard\\dataconnect`\n"}}
[debug] [2025-11-26T09:14:33.500Z] E1126 11:14:33.500727   25404 watch.go:31] Failed to load config from "d:\\WORK\\EGIS-UKRAINA\\PROJECTs\\vac-dashboard\\vac-dashboard\\dataconnect": could not find dataconnect.yaml in `d:\WORK\EGIS-UKRAINA\PROJECTs\vac-dashboard\vac-dashboard\dataconnect`
 {"metadata":{"emulator":{"name":"dataconnect"},"message":"E1126 11:14:33.500727   25404 watch.go:31] Failed to load config from \"d:\\\\WORK\\\\EGIS-UKRAINA\\\\PROJECTs\\\\vac-dashboard\\\\vac-dashboard\\\\dataconnect\": could not find dataconnect.yaml in `d:\\WORK\\EGIS-UKRAINA\\PROJECTs\\vac-dashboard\\vac-dashboard\\dataconnect`\n"}}
[debug] [2025-11-26T09:14:43.500Z] E1126 11:14:43.500992   25404 watch.go:31] Failed to load config from "d:\\WORK\\EGIS-UKRAINA\\PROJECTs\\vac-dashboard\\vac-dashboard\\dataconnect": could not find dataconnect.yaml in `d:\WORK\EGIS-UKRAINA\PROJECTs\vac-dashboard\vac-dashboard\dataconnect`
 {"metadata":{"emulator":{"name":"dataconnect"},"message":"E1126 11:14:43.500992   25404 watch.go:31] Failed to load config from \"d:\\\\WORK\\\\EGIS-UKRAINA\\\\PROJECTs\\\\vac-dashboard\\\\vac-dashboard\\\\dataconnect\": could not find dataconnect.yaml in `d:\\WORK\\EGIS-UKRAINA\\PROJECTs\\vac-dashboard\\vac-dashboard\\dataconnect`\n"}}
[debug] [2025-11-26T09:14:53.501Z] E1126 11:14:53.501005   25404 watch.go:31] Failed to load config from "d:\\WORK\\EGIS-UKRAINA\\PROJECTs\\vac-dashboard\\vac-dashboard\\dataconnect": could not find dataconnect.yaml in `d:\WORK\EGIS-UKRAINA\PROJECTs\vac-dashboard\vac-dashboard\dataconnect`
 {"metadata":{"emulator":{"name":"dataconnect"},"message":"E1126 11:14:53.501005   25404 watch.go:31] Failed to load config from \"d:\\\\WORK\\\\EGIS-UKRAINA\\\\PROJECTs\\\\vac-dashboard\\\\vac-dashboard\\\\dataconnect\": could not find dataconnect.yaml in `d:\\WORK\\EGIS-UKRAINA\\PROJECTs\\vac-dashboard\\vac-dashboard\\dataconnect`\n"}}
[debug] [2025-11-26T09:15:03.500Z] E1126 11:15:03.500857   25404 watch.go:31] Failed to load config from "d:\\WORK\\EGIS-UKRAINA\\PROJECTs\\vac-dashboard\\vac-dashboard\\dataconnect": could not find dataconnect.yaml in `d:\WORK\EGIS-UKRAINA\PROJECTs\vac-dashboard\vac-dashboard\dataconnect`
 {"metadata":{"emulator":{"name":"dataconnect"},"message":"E1126 11:15:03.500857   25404 watch.go:31] Failed to load config from \"d:\\\\WORK\\\\EGIS-UKRAINA\\\\PROJECTs\\\\vac-dashboard\\\\vac-dashboard\\\\dataconnect\": could not find dataconnect.yaml in `d:\\WORK\\EGIS-UKRAINA\\PROJECTs\\vac-dashboard\\vac-dashboard\\dataconnect`\n"}}
[debug] [2025-11-26T09:15:13.501Z] E1126 11:15:13.500962   25404 watch.go:31] Failed to load config from "d:\\WORK\\EGIS-UKRAINA\\PROJECTs\\vac-dashboard\\vac-dashboard\\dataconnect": could not find dataconnect.yaml in `d:\WORK\EGIS-UKRAINA\PROJECTs\vac-dashboard\vac-dashboard\dataconnect`
 {"metadata":{"emulator":{"name":"dataconnect"},"message":"E1126 11:15:13.500962   25404 watch.go:31] Failed to load config from \"d:\\\\WORK\\\\EGIS-UKRAINA\\\\PROJECTs\\\\vac-dashboard\\\\vac-dashboard\\\\dataconnect\": could not find dataconnect.yaml in `d:\\WORK\\EGIS-UKRAINA\\PROJECTs\\vac-dashboard\\vac-dashboard\\dataconnect`\n"}}
[debug] [2025-11-26T09:15:23.500Z] E1126 11:15:23.500943   25404 watch.go:31] Failed to load config from "d:\\WORK\\EGIS-UKRAINA\\PROJECTs\\vac-dashboard\\vac-dashboard\\dataconnect": could not find dataconnect.yaml in `d:\WORK\EGIS-UKRAINA\PROJECTs\vac-dashboard\vac-dashboard\dataconnect`
E1126 11:15:23.500943   25404 watch.go:102] watchAllDir unable to walk dir `d:\WORK\EGIS-UKRAINA\PROJECTs\vac-dashboard\vac-dashboard\dataconnect`: CreateFile d:\WORK\EGIS-UKRAINA\PROJECTs\vac-dashboard\vac-dashboard\dataconnect: The system cannot find the file specified.
 {"metadata":{"emulator":{"name":"dataconnect"},"message":"E1126 11:15:23.500943   25404 watch.go:31] Failed to load config from \"d:\\\\WORK\\\\EGIS-UKRAINA\\\\PROJECTs\\\\vac-dashboard\\\\vac-dashboard\\\\dataconnect\": could not find dataconnect.yaml in `d:\\WORK\\EGIS-UKRAINA\\PROJECTs\\vac-dashboard\\vac-dashboard\\dataconnect`\nE1126 11:15:23.500943   25404 watch.go:102] watchAllDir unable to walk dir `d:\\WORK\\EGIS-UKRAINA\\PROJECTs\\vac-dashboard\\vac-dashboard\\dataconnect`: CreateFile d:\\WORK\\EGIS-UKRAINA\\PROJECTs\\vac-dashboard\\vac-dashboard\\dataconnect: The system cannot find the file specified.\n"}}
[debug] [2025-11-26T09:15:33.501Z] E1126 11:15:33.500998   25404 watch.go:31] Failed to load config from "d:\\WORK\\EGIS-UKRAINA\\PROJECTs\\vac-dashboard\\vac-dashboard\\dataconnect": could not find dataconnect.yaml in `d:\WORK\EGIS-UKRAINA\PROJECTs\vac-dashboard\vac-dashboard\dataconnect`
 {"metadata":{"emulator":{"name":"dataconnect"},"message":"E1126 11:15:33.500998   25404 watch.go:31] Failed to load config from \"d:\\\\WORK\\\\EGIS-UKRAINA\\\\PROJECTs\\\\vac-dashboard\\\\vac-dashboard\\\\dataconnect\": could not find dataconnect.yaml in `d:\\WORK\\EGIS-UKRAINA\\PROJECTs\\vac-dashboard\\vac-dashboard\\dataconnect`\n"}}
[debug] [2025-11-26T09:15:43.500Z] E1126 11:15:43.500633   25404 watch.go:31] Failed to load config from "d:\\WORK\\EGIS-UKRAINA\\PROJECTs\\vac-dashboard\\vac-dashboard\\dataconnect": could not find dataconnect.yaml in `d:\WORK\EGIS-UKRAINA\PROJECTs\vac-dashboard\vac-dashboard\dataconnect`
 {"metadata":{"emulator":{"name":"dataconnect"},"message":"E1126 11:15:43.500633   25404 watch.go:31] Failed to load config from \"d:\\\\WORK\\\\EGIS-UKRAINA\\\\PROJECTs\\\\vac-dashboard\\\\vac-dashboard\\\\dataconnect\": could not find dataconnect.yaml in `d:\\WORK\\EGIS-UKRAINA\\PROJECTs\\vac-dashboard\\vac-dashboard\\dataconnect`\n"}}
[debug] [2025-11-26T09:15:53.501Z] E1126 11:15:53.501307   25404 watch.go:31] Failed to load config from "d:\\WORK\\EGIS-UKRAINA\\PROJECTs\\vac-dashboard\\vac-dashboard\\dataconnect": could not find dataconnect.yaml in `d:\WORK\EGIS-UKRAINA\PROJECTs\vac-dashboard\vac-dashboard\dataconnect`
 {"metadata":{"emulator":{"name":"dataconnect"},"message":"E1126 11:15:53.501307   25404 watch.go:31] Failed to load config from \"d:\\\\WORK\\\\EGIS-UKRAINA\\\\PROJECTs\\\\vac-dashboard\\\\vac-dashboard\\\\dataconnect\": could not find dataconnect.yaml in `d:\\WORK\\EGIS-UKRAINA\\PROJECTs\\vac-dashboard\\vac-dashboard\\dataconnect`\n"}}
[debug] [2025-11-26T09:16:03.501Z] E1126 11:16:03.501015   25404 watch.go:31] Failed to load config from "d:\\WORK\\EGIS-UKRAINA\\PROJECTs\\vac-dashboard\\vac-dashboard\\dataconnect": could not find dataconnect.yaml in `d:\WORK\EGIS-UKRAINA\PROJECTs\vac-dashboard\vac-dashboard\dataconnect`
 {"metadata":{"emulator":{"name":"dataconnect"},"message":"E1126 11:16:03.501015   25404 watch.go:31] Failed to load config from \"d:\\\\WORK\\\\EGIS-UKRAINA\\\\PROJECTs\\\\vac-dashboard\\\\vac-dashboard\\\\dataconnect\": could not find dataconnect.yaml in `d:\\WORK\\EGIS-UKRAINA\\PROJECTs\\vac-dashboard\\vac-dashboard\\dataconnect`\n"}}
[debug] [2025-11-26T09:16:13.500Z] E1126 11:16:13.500643   25404 watch.go:31] Failed to load config from "d:\\WORK\\EGIS-UKRAINA\\PROJECTs\\vac-dashboard\\vac-dashboard\\dataconnect": could not find dataconnect.yaml in `d:\WORK\EGIS-UKRAINA\PROJECTs\vac-dashboard\vac-dashboard\dataconnect`
 {"metadata":{"emulator":{"name":"dataconnect"},"message":"E1126 11:16:13.500643   25404 watch.go:31] Failed to load config from \"d:\\\\WORK\\\\EGIS-UKRAINA\\\\PROJECTs\\\\vac-dashboard\\\\vac-dashboard\\\\dataconnect\": could not find dataconnect.yaml in `d:\\WORK\\EGIS-UKRAINA\\PROJECTs\\vac-dashboard\\vac-dashboard\\dataconnect`\n"}}
[debug] [2025-11-26T09:16:23.501Z] E1126 11:16:23.501401   25404 watch.go:31] Failed to load config from "d:\\WORK\\EGIS-UKRAINA\\PROJECTs\\vac-dashboard\\vac-dashboard\\dataconnect": could not find dataconnect.yaml in `d:\WORK\EGIS-UKRAINA\PROJECTs\vac-dashboard\vac-dashboard\dataconnect`
 {"metadata":{"emulator":{"name":"dataconnect"},"message":"E1126 11:16:23.501401   25404 watch.go:31] Failed to load config from \"d:\\\\WORK\\\\EGIS-UKRAINA\\\\PROJECTs\\\\vac-dashboard\\\\vac-dashboard\\\\dataconnect\": could not find dataconnect.yaml in `d:\\WORK\\EGIS-UKRAINA\\PROJECTs\\vac-dashboard\\vac-dashboard\\dataconnect`\n"}}
[debug] [2025-11-26T09:16:33.500Z] E1126 11:16:33.500632   25404 watch.go:31] Failed to load config from "d:\\WORK\\EGIS-UKRAINA\\PROJECTs\\vac-dashboard\\vac-dashboard\\dataconnect": could not find dataconnect.yaml in `d:\WORK\EGIS-UKRAINA\PROJECTs\vac-dashboard\vac-dashboard\dataconnect`
 {"metadata":{"emulator":{"name":"dataconnect"},"message":"E1126 11:16:33.500632   25404 watch.go:31] Failed to load config from \"d:\\\\WORK\\\\EGIS-UKRAINA\\\\PROJECTs\\\\vac-dashboard\\\\vac-dashboard\\\\dataconnect\": could not find dataconnect.yaml in `d:\\WORK\\EGIS-UKRAINA\\PROJECTs\\vac-dashboard\\vac-dashboard\\dataconnect`\n"}}
[debug] [2025-11-26T09:16:43.501Z] E1126 11:16:43.500804   25404 watch.go:31] Failed to load config from "d:\\WORK\\EGIS-UKRAINA\\PROJECTs\\vac-dashboard\\vac-dashboard\\dataconnect": could not find dataconnect.yaml in `d:\WORK\EGIS-UKRAINA\PROJECTs\vac-dashboard\vac-dashboard\dataconnect`
 {"metadata":{"emulator":{"name":"dataconnect"},"message":"E1126 11:16:43.500804   25404 watch.go:31] Failed to load config from \"d:\\\\WORK\\\\EGIS-UKRAINA\\\\PROJECTs\\\\vac-dashboard\\\\vac-dashboard\\\\dataconnect\": could not find dataconnect.yaml in `d:\\WORK\\EGIS-UKRAINA\\PROJECTs\\vac-dashboard\\vac-dashboard\\dataconnect`\n"}}
[debug] [2025-11-26T09:16:53.500Z] E1126 11:16:53.500796   25404 watch.go:31] Failed to load config from "d:\\WORK\\EGIS-UKRAINA\\PROJECTs\\vac-dashboard\\vac-dashboard\\dataconnect": could not find dataconnect.yaml in `d:\WORK\EGIS-UKRAINA\PROJECTs\vac-dashboard\vac-dashboard\dataconnect`
 {"metadata":{"emulator":{"name":"dataconnect"},"message":"E1126 11:16:53.500796   25404 watch.go:31] Failed to load config from \"d:\\\\WORK\\\\EGIS-UKRAINA\\\\PROJECTs\\\\vac-dashboard\\\\vac-dashboard\\\\dataconnect\": could not find dataconnect.yaml in `d:\\WORK\\EGIS-UKRAINA\\PROJECTs\\vac-dashboard\\vac-dashboard\\dataconnect`\n"}}
[debug] [2025-11-26T09:17:03.501Z] E1126 11:17:03.500976   25404 watch.go:31] Failed to load config from "d:\\WORK\\EGIS-UKRAINA\\PROJECTs\\vac-dashboard\\vac-dashboard\\dataconnect": could not find dataconnect.yaml in `d:\WORK\EGIS-UKRAINA\PROJECTs\vac-dashboard\vac-dashboard\dataconnect`
 {"metadata":{"emulator":{"name":"dataconnect"},"message":"E1126 11:17:03.500976   25404 watch.go:31] Failed to load config from \"d:\\\\WORK\\\\EGIS-UKRAINA\\\\PROJECTs\\\\vac-dashboard\\\\vac-dashboard\\\\dataconnect\": could not find dataconnect.yaml in `d:\\WORK\\EGIS-UKRAINA\\PROJECTs\\vac-dashboard\\vac-dashboard\\dataconnect`\n"}}
[debug] [2025-11-26T09:17:13.500Z] E1126 11:17:13.500934   25404 watch.go:31] Failed to load config from "d:\\WORK\\EGIS-UKRAINA\\PROJECTs\\vac-dashboard\\vac-dashboard\\dataconnect": could not find dataconnect.yaml in `d:\WORK\EGIS-UKRAINA\PROJECTs\vac-dashboard\vac-dashboard\dataconnect`
 {"metadata":{"emulator":{"name":"dataconnect"},"message":"E1126 11:17:13.500934   25404 watch.go:31] Failed to load config from \"d:\\\\WORK\\\\EGIS-UKRAINA\\\\PROJECTs\\\\vac-dashboard\\\\vac-dashboard\\\\dataconnect\": could not find dataconnect.yaml in `d:\\WORK\\EGIS-UKRAINA\\PROJECTs\\vac-dashboard\\vac-dashboard\\dataconnect`\n"}}
[debug] [2025-11-26T09:17:23.500Z] E1126 11:17:23.500857   25404 watch.go:31] Failed to load config from "d:\\WORK\\EGIS-UKRAINA\\PROJECTs\\vac-dashboard\\vac-dashboard\\dataconnect": could not find dataconnect.yaml in `d:\WORK\EGIS-UKRAINA\PROJECTs\vac-dashboard\vac-dashboard\dataconnect`
E1126 11:17:23.500857   25404 watch.go:102] watchAllDir unable to walk dir `d:\WORK\EGIS-UKRAINA\PROJECTs\vac-dashboard\vac-dashboard\dataconnect`: CreateFile d:\WORK\EGIS-UKRAINA\PROJECTs\vac-dashboard\vac-dashboard\dataconnect: The system cannot find the file specified.
 {"metadata":{"emulator":{"name":"dataconnect"},"message":"E1126 11:17:23.500857   25404 watch.go:31] Failed to load config from \"d:\\\\WORK\\\\EGIS-UKRAINA\\\\PROJECTs\\\\vac-dashboard\\\\vac-dashboard\\\\dataconnect\": could not find dataconnect.yaml in `d:\\WORK\\EGIS-UKRAINA\\PROJECTs\\vac-dashboard\\vac-dashboard\\dataconnect`\nE1126 11:17:23.500857   25404 watch.go:102] watchAllDir unable to walk dir `d:\\WORK\\EGIS-UKRAINA\\PROJECTs\\vac-dashboard\\vac-dashboard\\dataconnect`: CreateFile d:\\WORK\\EGIS-UKRAINA\\PROJECTs\\vac-dashboard\\vac-dashboard\\dataconnect: The system cannot find the file specified.\n"}}
[debug] [2025-11-26T09:17:33.500Z] E1126 11:17:33.500669   25404 watch.go:31] Failed to load config from "d:\\WORK\\EGIS-UKRAINA\\PROJECTs\\vac-dashboard\\vac-dashboard\\dataconnect": could not find dataconnect.yaml in `d:\WORK\EGIS-UKRAINA\PROJECTs\vac-dashboard\vac-dashboard\dataconnect`
 {"metadata":{"emulator":{"name":"dataconnect"},"message":"E1126 11:17:33.500669   25404 watch.go:31] Failed to load config from \"d:\\\\WORK\\\\EGIS-UKRAINA\\\\PROJECTs\\\\vac-dashboard\\\\vac-dashboard\\\\dataconnect\": could not find dataconnect.yaml in `d:\\WORK\\EGIS-UKRAINA\\PROJECTs\\vac-dashboard\\vac-dashboard\\dataconnect`\n"}}
[debug] [2025-11-26T09:17:43.500Z] E1126 11:17:43.500984   25404 watch.go:31] Failed to load config from "d:\\WORK\\EGIS-UKRAINA\\PROJECTs\\vac-dashboard\\vac-dashboard\\dataconnect": could not find dataconnect.yaml in `d:\WORK\EGIS-UKRAINA\PROJECTs\vac-dashboard\vac-dashboard\dataconnect`
 {"metadata":{"emulator":{"name":"dataconnect"},"message":"E1126 11:17:43.500984   25404 watch.go:31] Failed to load config from \"d:\\\\WORK\\\\EGIS-UKRAINA\\\\PROJECTs\\\\vac-dashboard\\\\vac-dashboard\\\\dataconnect\": could not find dataconnect.yaml in `d:\\WORK\\EGIS-UKRAINA\\PROJECTs\\vac-dashboard\\vac-dashboard\\dataconnect`\n"}}
[debug] [2025-11-26T09:17:53.501Z] E1126 11:17:53.500799   25404 watch.go:31] Failed to load config from "d:\\WORK\\EGIS-UKRAINA\\PROJECTs\\vac-dashboard\\vac-dashboard\\dataconnect": could not find dataconnect.yaml in `d:\WORK\EGIS-UKRAINA\PROJECTs\vac-dashboard\vac-dashboard\dataconnect`
 {"metadata":{"emulator":{"name":"dataconnect"},"message":"E1126 11:17:53.500799   25404 watch.go:31] Failed to load config from \"d:\\\\WORK\\\\EGIS-UKRAINA\\\\PROJECTs\\\\vac-dashboard\\\\vac-dashboard\\\\dataconnect\": could not find dataconnect.yaml in `d:\\WORK\\EGIS-UKRAINA\\PROJECTs\\vac-dashboard\\vac-dashboard\\dataconnect`\n"}}
[debug] [2025-11-26T09:18:03.501Z] E1126 11:18:03.501060   25404 watch.go:31] Failed to load config from "d:\\WORK\\EGIS-UKRAINA\\PROJECTs\\vac-dashboard\\vac-dashboard\\dataconnect": could not find dataconnect.yaml in `d:\WORK\EGIS-UKRAINA\PROJECTs\vac-dashboard\vac-dashboard\dataconnect`
 {"metadata":{"emulator":{"name":"dataconnect"},"message":"E1126 11:18:03.501060   25404 watch.go:31] Failed to load config from \"d:\\\\WORK\\\\EGIS-UKRAINA\\\\PROJECTs\\\\vac-dashboard\\\\vac-dashboard\\\\dataconnect\": could not find dataconnect.yaml in `d:\\WORK\\EGIS-UKRAINA\\PROJECTs\\vac-dashboard\\vac-dashboard\\dataconnect`\n"}}
[debug] [2025-11-26T09:18:13.500Z] E1126 11:18:13.500639   25404 watch.go:31] Failed to load config from "d:\\WORK\\EGIS-UKRAINA\\PROJECTs\\vac-dashboard\\vac-dashboard\\dataconnect": could not find dataconnect.yaml in `d:\WORK\EGIS-UKRAINA\PROJECTs\vac-dashboard\vac-dashboard\dataconnect`
 {"metadata":{"emulator":{"name":"dataconnect"},"message":"E1126 11:18:13.500639   25404 watch.go:31] Failed to load config from \"d:\\\\WORK\\\\EGIS-UKRAINA\\\\PROJECTs\\\\vac-dashboard\\\\vac-dashboard\\\\dataconnect\": could not find dataconnect.yaml in `d:\\WORK\\EGIS-UKRAINA\\PROJECTs\\vac-dashboard\\vac-dashboard\\dataconnect`\n"}}
[debug] [2025-11-26T09:18:23.501Z] E1126 11:18:23.500611   25404 watch.go:31] Failed to load config from "d:\\WORK\\EGIS-UKRAINA\\PROJECTs\\vac-dashboard\\vac-dashboard\\dataconnect": could not find dataconnect.yaml in `d:\WORK\EGIS-UKRAINA\PROJECTs\vac-dashboard\vac-dashboard\dataconnect`
 {"metadata":{"emulator":{"name":"dataconnect"},"message":"E1126 11:18:23.500611   25404 watch.go:31] Failed to load config from \"d:\\\\WORK\\\\EGIS-UKRAINA\\\\PROJECTs\\\\vac-dashboard\\\\vac-dashboard\\\\dataconnect\": could not find dataconnect.yaml in `d:\\WORK\\EGIS-UKRAINA\\PROJECTs\\vac-dashboard\\vac-dashboard\\dataconnect`\n"}}
[debug] [2025-11-26T09:18:33.501Z] E1126 11:18:33.500693   25404 watch.go:31] Failed to load config from "d:\\WORK\\EGIS-UKRAINA\\PROJECTs\\vac-dashboard\\vac-dashboard\\dataconnect": could not find dataconnect.yaml in `d:\WORK\EGIS-UKRAINA\PROJECTs\vac-dashboard\vac-dashboard\dataconnect`
 {"metadata":{"emulator":{"name":"dataconnect"},"message":"E1126 11:18:33.500693   25404 watch.go:31] Failed to load config from \"d:\\\\WORK\\\\EGIS-UKRAINA\\\\PROJECTs\\\\vac-dashboard\\\\vac-dashboard\\\\dataconnect\": could not find dataconnect.yaml in `d:\\WORK\\EGIS-UKRAINA\\PROJECTs\\vac-dashboard\\vac-dashboard\\dataconnect`\n"}}
[debug] [2025-11-26T09:18:43.501Z] E1126 11:18:43.501066   25404 watch.go:31] Failed to load config from "d:\\WORK\\EGIS-UKRAINA\\PROJECTs\\vac-dashboard\\vac-dashboard\\dataconnect": could not find dataconnect.yaml in `d:\WORK\EGIS-UKRAINA\PROJECTs\vac-dashboard\vac-dashboard\dataconnect`
 {"metadata":{"emulator":{"name":"dataconnect"},"message":"E1126 11:18:43.501066   25404 watch.go:31] Failed to load config from \"d:\\\\WORK\\\\EGIS-UKRAINA\\\\PROJECTs\\\\vac-dashboard\\\\vac-dashboard\\\\dataconnect\": could not find dataconnect.yaml in `d:\\WORK\\EGIS-UKRAINA\\PROJECTs\\vac-dashboard\\vac-dashboard\\dataconnect`\n"}}
[debug] [2025-11-26T09:18:53.500Z] E1126 11:18:53.500860   25404 watch.go:31] Failed to load config from "d:\\WORK\\EGIS-UKRAINA\\PROJECTs\\vac-dashboard\\vac-dashboard\\dataconnect": could not find dataconnect.yaml in `d:\WORK\EGIS-UKRAINA\PROJECTs\vac-dashboard\vac-dashboard\dataconnect`
 {"metadata":{"emulator":{"name":"dataconnect"},"message":"E1126 11:18:53.500860   25404 watch.go:31] Failed to load config from \"d:\\\\WORK\\\\EGIS-UKRAINA\\\\PROJECTs\\\\vac-dashboard\\\\vac-dashboard\\\\dataconnect\": could not find dataconnect.yaml in `d:\\WORK\\EGIS-UKRAINA\\PROJECTs\\vac-dashboard\\vac-dashboard\\dataconnect`\n"}}
[debug] [2025-11-26T09:19:03.501Z] E1126 11:19:03.501034   25404 watch.go:31] Failed to load config from "d:\\WORK\\EGIS-UKRAINA\\PROJECTs\\vac-dashboard\\vac-dashboard\\dataconnect": could not find dataconnect.yaml in `d:\WORK\EGIS-UKRAINA\PROJECTs\vac-dashboard\vac-dashboard\dataconnect`
 {"metadata":{"emulator":{"name":"dataconnect"},"message":"E1126 11:19:03.501034   25404 watch.go:31] Failed to load config from \"d:\\\\WORK\\\\EGIS-UKRAINA\\\\PROJECTs\\\\vac-dashboard\\\\vac-dashboard\\\\dataconnect\": could not find dataconnect.yaml in `d:\\WORK\\EGIS-UKRAINA\\PROJECTs\\vac-dashboard\\vac-dashboard\\dataconnect`\n"}}
[debug] [2025-11-26T09:19:13.500Z] E1126 11:19:13.500816   25404 watch.go:31] Failed to load config from "d:\\WORK\\EGIS-UKRAINA\\PROJECTs\\vac-dashboard\\vac-dashboard\\dataconnect": could not find dataconnect.yaml in `d:\WORK\EGIS-UKRAINA\PROJECTs\vac-dashboard\vac-dashboard\dataconnect`
 {"metadata":{"emulator":{"name":"dataconnect"},"message":"E1126 11:19:13.500816   25404 watch.go:31] Failed to load config from \"d:\\\\WORK\\\\EGIS-UKRAINA\\\\PROJECTs\\\\vac-dashboard\\\\vac-dashboard\\\\dataconnect\": could not find dataconnect.yaml in `d:\\WORK\\EGIS-UKRAINA\\PROJECTs\\vac-dashboard\\vac-dashboard\\dataconnect`\n"}}
[debug] [2025-11-26T09:19:23.500Z] E1126 11:19:23.500787   25404 watch.go:31] Failed to load config from "d:\\WORK\\EGIS-UKRAINA\\PROJECTs\\vac-dashboard\\vac-dashboard\\dataconnect": could not find dataconnect.yaml in `d:\WORK\EGIS-UKRAINA\PROJECTs\vac-dashboard\vac-dashboard\dataconnect`
E1126 11:19:23.500787   25404 watch.go:102] watchAllDir unable to walk dir `d:\WORK\EGIS-UKRAINA\PROJECTs\vac-dashboard\vac-dashboard\dataconnect`: CreateFile d:\WORK\EGIS-UKRAINA\PROJECTs\vac-dashboard\vac-dashboard\dataconnect: The system cannot find the file specified.
 {"metadata":{"emulator":{"name":"dataconnect"},"message":"E1126 11:19:23.500787   25404 watch.go:31] Failed to load config from \"d:\\\\WORK\\\\EGIS-UKRAINA\\\\PROJECTs\\\\vac-dashboard\\\\vac-dashboard\\\\dataconnect\": could not find dataconnect.yaml in `d:\\WORK\\EGIS-UKRAINA\\PROJECTs\\vac-dashboard\\vac-dashboard\\dataconnect`\nE1126 11:19:23.500787   25404 watch.go:102] watchAllDir unable to walk dir `d:\\WORK\\EGIS-UKRAINA\\PROJECTs\\vac-dashboard\\vac-dashboard\\dataconnect`: CreateFile d:\\WORK\\EGIS-UKRAINA\\PROJECTs\\vac-dashboard\\vac-dashboard\\dataconnect: The system cannot find the file specified.\n"}}
[debug] [2025-11-26T09:19:33.500Z] E1126 11:19:33.500612   25404 watch.go:31] Failed to load config from "d:\\WORK\\EGIS-UKRAINA\\PROJECTs\\vac-dashboard\\vac-dashboard\\dataconnect": could not find dataconnect.yaml in `d:\WORK\EGIS-UKRAINA\PROJECTs\vac-dashboard\vac-dashboard\dataconnect`
 {"metadata":{"emulator":{"name":"dataconnect"},"message":"E1126 11:19:33.500612   25404 watch.go:31] Failed to load config from \"d:\\\\WORK\\\\EGIS-UKRAINA\\\\PROJECTs\\\\vac-dashboard\\\\vac-dashboard\\\\dataconnect\": could not find dataconnect.yaml in `d:\\WORK\\EGIS-UKRAINA\\PROJECTs\\vac-dashboard\\vac-dashboard\\dataconnect`\n"}}
[debug] [2025-11-26T09:19:43.500Z] E1126 11:19:43.500518   25404 watch.go:31] Failed to load config from "d:\\WORK\\EGIS-UKRAINA\\PROJECTs\\vac-dashboard\\vac-dashboard\\dataconnect": could not find dataconnect.yaml in `d:\WORK\EGIS-UKRAINA\PROJECTs\vac-dashboard\vac-dashboard\dataconnect`
 {"metadata":{"emulator":{"name":"dataconnect"},"message":"E1126 11:19:43.500518   25404 watch.go:31] Failed to load config from \"d:\\\\WORK\\\\EGIS-UKRAINA\\\\PROJECTs\\\\vac-dashboard\\\\vac-dashboard\\\\dataconnect\": could not find dataconnect.yaml in `d:\\WORK\\EGIS-UKRAINA\\PROJECTs\\vac-dashboard\\vac-dashboard\\dataconnect`\n"}}
[debug] [2025-11-26T09:19:53.500Z] E1126 11:19:53.501019   25404 watch.go:31] Failed to load config from "d:\\WORK\\EGIS-UKRAINA\\PROJECTs\\vac-dashboard\\vac-dashboard\\dataconnect": could not find dataconnect.yaml in `d:\WORK\EGIS-UKRAINA\PROJECTs\vac-dashboard\vac-dashboard\dataconnect`
 {"metadata":{"emulator":{"name":"dataconnect"},"message":"E1126 11:19:53.501019   25404 watch.go:31] Failed to load config from \"d:\\\\WORK\\\\EGIS-UKRAINA\\\\PROJECTs\\\\vac-dashboard\\\\vac-dashboard\\\\dataconnect\": could not find dataconnect.yaml in `d:\\WORK\\EGIS-UKRAINA\\PROJECTs\\vac-dashboard\\vac-dashboard\\dataconnect`\n"}}
[debug] [2025-11-26T09:20:03.500Z] E1126 11:20:03.500723   25404 watch.go:31] Failed to load config from "d:\\WORK\\EGIS-UKRAINA\\PROJECTs\\vac-dashboard\\vac-dashboard\\dataconnect": could not find dataconnect.yaml in `d:\WORK\EGIS-UKRAINA\PROJECTs\vac-dashboard\vac-dashboard\dataconnect`
 {"metadata":{"emulator":{"name":"dataconnect"},"message":"E1126 11:20:03.500723   25404 watch.go:31] Failed to load config from \"d:\\\\WORK\\\\EGIS-UKRAINA\\\\PROJECTs\\\\vac-dashboard\\\\vac-dashboard\\\\dataconnect\": could not find dataconnect.yaml in `d:\\WORK\\EGIS-UKRAINA\\PROJECTs\\vac-dashboard\\vac-dashboard\\dataconnect`\n"}}
[debug] [2025-11-26T09:20:13.501Z] E1126 11:20:13.501269   25404 watch.go:31] Failed to load config from "d:\\WORK\\EGIS-UKRAINA\\PROJECTs\\vac-dashboard\\vac-dashboard\\dataconnect": could not find dataconnect.yaml in `d:\WORK\EGIS-UKRAINA\PROJECTs\vac-dashboard\vac-dashboard\dataconnect`
 {"metadata":{"emulator":{"name":"dataconnect"},"message":"E1126 11:20:13.501269   25404 watch.go:31] Failed to load config from \"d:\\\\WORK\\\\EGIS-UKRAINA\\\\PROJECTs\\\\vac-dashboard\\\\vac-dashboard\\\\dataconnect\": could not find dataconnect.yaml in `d:\\WORK\\EGIS-UKRAINA\\PROJECTs\\vac-dashboard\\vac-dashboard\\dataconnect`\n"}}
[debug] [2025-11-26T09:20:23.501Z] E1126 11:20:23.500969   25404 watch.go:31] Failed to load config from "d:\\WORK\\EGIS-UKRAINA\\PROJECTs\\vac-dashboard\\vac-dashboard\\dataconnect": could not find dataconnect.yaml in `d:\WORK\EGIS-UKRAINA\PROJECTs\vac-dashboard\vac-dashboard\dataconnect`
 {"metadata":{"emulator":{"name":"dataconnect"},"message":"E1126 11:20:23.500969   25404 watch.go:31] Failed to load config from \"d:\\\\WORK\\\\EGIS-UKRAINA\\\\PROJECTs\\\\vac-dashboard\\\\vac-dashboard\\\\dataconnect\": could not find dataconnect.yaml in `d:\\WORK\\EGIS-UKRAINA\\PROJECTs\\vac-dashboard\\vac-dashboard\\dataconnect`\n"}}
[debug] [2025-11-26T09:20:33.500Z] E1126 11:20:33.500868   25404 watch.go:31] Failed to load config from "d:\\WORK\\EGIS-UKRAINA\\PROJECTs\\vac-dashboard\\vac-dashboard\\dataconnect": could not find dataconnect.yaml in `d:\WORK\EGIS-UKRAINA\PROJECTs\vac-dashboard\vac-dashboard\dataconnect`
 {"metadata":{"emulator":{"name":"dataconnect"},"message":"E1126 11:20:33.500868   25404 watch.go:31] Failed to load config from \"d:\\\\WORK\\\\EGIS-UKRAINA\\\\PROJECTs\\\\vac-dashboard\\\\vac-dashboard\\\\dataconnect\": could not find dataconnect.yaml in `d:\\WORK\\EGIS-UKRAINA\\PROJECTs\\vac-dashboard\\vac-dashboard\\dataconnect`\n"}}
[debug] [2025-11-26T09:20:43.500Z] E1126 11:20:43.500568   25404 watch.go:31] Failed to load config from "d:\\WORK\\EGIS-UKRAINA\\PROJECTs\\vac-dashboard\\vac-dashboard\\dataconnect": could not find dataconnect.yaml in `d:\WORK\EGIS-UKRAINA\PROJECTs\vac-dashboard\vac-dashboard\dataconnect`
 {"metadata":{"emulator":{"name":"dataconnect"},"message":"E1126 11:20:43.500568   25404 watch.go:31] Failed to load config from \"d:\\\\WORK\\\\EGIS-UKRAINA\\\\PROJECTs\\\\vac-dashboard\\\\vac-dashboard\\\\dataconnect\": could not find dataconnect.yaml in `d:\\WORK\\EGIS-UKRAINA\\PROJECTs\\vac-dashboard\\vac-dashboard\\dataconnect`\n"}}
[debug] [2025-11-26T09:20:53.500Z] E1126 11:20:53.500878   25404 watch.go:31] Failed to load config from "d:\\WORK\\EGIS-UKRAINA\\PROJECTs\\vac-dashboard\\vac-dashboard\\dataconnect": could not find dataconnect.yaml in `d:\WORK\EGIS-UKRAINA\PROJECTs\vac-dashboard\vac-dashboard\dataconnect`
 {"metadata":{"emulator":{"name":"dataconnect"},"message":"E1126 11:20:53.500878   25404 watch.go:31] Failed to load config from \"d:\\\\WORK\\\\EGIS-UKRAINA\\\\PROJECTs\\\\vac-dashboard\\\\vac-dashboard\\\\dataconnect\": could not find dataconnect.yaml in `d:\\WORK\\EGIS-UKRAINA\\PROJECTs\\vac-dashboard\\vac-dashboard\\dataconnect`\n"}}
[debug] [2025-11-26T09:21:03.500Z] E1126 11:21:03.500643   25404 watch.go:31] Failed to load config from "d:\\WORK\\EGIS-UKRAINA\\PROJECTs\\vac-dashboard\\vac-dashboard\\dataconnect": could not find dataconnect.yaml in `d:\WORK\EGIS-UKRAINA\PROJECTs\vac-dashboard\vac-dashboard\dataconnect`
 {"metadata":{"emulator":{"name":"dataconnect"},"message":"E1126 11:21:03.500643   25404 watch.go:31] Failed to load config from \"d:\\\\WORK\\\\EGIS-UKRAINA\\\\PROJECTs\\\\vac-dashboard\\\\vac-dashboard\\\\dataconnect\": could not find dataconnect.yaml in `d:\\WORK\\EGIS-UKRAINA\\PROJECTs\\vac-dashboard\\vac-dashboard\\dataconnect`\n"}}
[debug] [2025-11-26T09:21:13.500Z] E1126 11:21:13.500944   25404 watch.go:31] Failed to load config from "d:\\WORK\\EGIS-UKRAINA\\PROJECTs\\vac-dashboard\\vac-dashboard\\dataconnect": could not find dataconnect.yaml in `d:\WORK\EGIS-UKRAINA\PROJECTs\vac-dashboard\vac-dashboard\dataconnect`
 {"metadata":{"emulator":{"name":"dataconnect"},"message":"E1126 11:21:13.500944   25404 watch.go:31] Failed to load config from \"d:\\\\WORK\\\\EGIS-UKRAINA\\\\PROJECTs\\\\vac-dashboard\\\\vac-dashboard\\\\dataconnect\": could not find dataconnect.yaml in `d:\\WORK\\EGIS-UKRAINA\\PROJECTs\\vac-dashboard\\vac-dashboard\\dataconnect`\n"}}
[debug] [2025-11-26T09:21:23.500Z] E1126 11:21:23.500942   25404 watch.go:31] Failed to load config from "d:\\WORK\\EGIS-UKRAINA\\PROJECTs\\vac-dashboard\\vac-dashboard\\dataconnect": could not find dataconnect.yaml in `d:\WORK\EGIS-UKRAINA\PROJECTs\vac-dashboard\vac-dashboard\dataconnect`
E1126 11:21:23.500942   25404 watch.go:102] watchAllDir unable to walk dir `d:\WORK\EGIS-UKRAINA\PROJECTs\vac-dashboard\vac-dashboard\dataconnect`: CreateFile d:\WORK\EGIS-UKRAINA\PROJECTs\vac-dashboard\vac-dashboard\dataconnect: The system cannot find the file specified.
 {"metadata":{"emulator":{"name":"dataconnect"},"message":"E1126 11:21:23.500942   25404 watch.go:31] Failed to load config from \"d:\\\\WORK\\\\EGIS-UKRAINA\\\\PROJECTs\\\\vac-dashboard\\\\vac-dashboard\\\\dataconnect\": could not find dataconnect.yaml in `d:\\WORK\\EGIS-UKRAINA\\PROJECTs\\vac-dashboard\\vac-dashboard\\dataconnect`\nE1126 11:21:23.500942   25404 watch.go:102] watchAllDir unable to walk dir `d:\\WORK\\EGIS-UKRAINA\\PROJECTs\\vac-dashboard\\vac-dashboard\\dataconnect`: CreateFile d:\\WORK\\EGIS-UKRAINA\\PROJECTs\\vac-dashboard\\vac-dashboard\\dataconnect: The system cannot find the file specified.\n"}}
[debug] [2025-11-26T09:21:33.501Z] E1126 11:21:33.501199   25404 watch.go:31] Failed to load config from "d:\\WORK\\EGIS-UKRAINA\\PROJECTs\\vac-dashboard\\vac-dashboard\\dataconnect": could not find dataconnect.yaml in `d:\WORK\EGIS-UKRAINA\PROJECTs\vac-dashboard\vac-dashboard\dataconnect`
 {"metadata":{"emulator":{"name":"dataconnect"},"message":"E1126 11:21:33.501199   25404 watch.go:31] Failed to load config from \"d:\\\\WORK\\\\EGIS-UKRAINA\\\\PROJECTs\\\\vac-dashboard\\\\vac-dashboard\\\\dataconnect\": could not find dataconnect.yaml in `d:\\WORK\\EGIS-UKRAINA\\PROJECTs\\vac-dashboard\\vac-dashboard\\dataconnect`\n"}}
[debug] [2025-11-26T09:21:43.500Z] E1126 11:21:43.500771   25404 watch.go:31] Failed to load config from "d:\\WORK\\EGIS-UKRAINA\\PROJECTs\\vac-dashboard\\vac-dashboard\\dataconnect": could not find dataconnect.yaml in `d:\WORK\EGIS-UKRAINA\PROJECTs\vac-dashboard\vac-dashboard\dataconnect`
 {"metadata":{"emulator":{"name":"dataconnect"},"message":"E1126 11:21:43.500771   25404 watch.go:31] Failed to load config from \"d:\\\\WORK\\\\EGIS-UKRAINA\\\\PROJECTs\\\\vac-dashboard\\\\vac-dashboard\\\\dataconnect\": could not find dataconnect.yaml in `d:\\WORK\\EGIS-UKRAINA\\PROJECTs\\vac-dashboard\\vac-dashboard\\dataconnect`\n"}}
[debug] [2025-11-26T09:21:53.500Z] E1126 11:21:53.500564   25404 watch.go:31] Failed to load config from "d:\\WORK\\EGIS-UKRAINA\\PROJECTs\\vac-dashboard\\vac-dashboard\\dataconnect": could not find dataconnect.yaml in `d:\WORK\EGIS-UKRAINA\PROJECTs\vac-dashboard\vac-dashboard\dataconnect`
 {"metadata":{"emulator":{"name":"dataconnect"},"message":"E1126 11:21:53.500564   25404 watch.go:31] Failed to load config from \"d:\\\\WORK\\\\EGIS-UKRAINA\\\\PROJECTs\\\\vac-dashboard\\\\vac-dashboard\\\\dataconnect\": could not find dataconnect.yaml in `d:\\WORK\\EGIS-UKRAINA\\PROJECTs\\vac-dashboard\\vac-dashboard\\dataconnect`\n"}}
[debug] [2025-11-26T09:22:03.501Z] E1126 11:22:03.501131   25404 watch.go:31] Failed to load config from "d:\\WORK\\EGIS-UKRAINA\\PROJECTs\\vac-dashboard\\vac-dashboard\\dataconnect": could not find dataconnect.yaml in `d:\WORK\EGIS-UKRAINA\PROJECTs\vac-dashboard\vac-dashboard\dataconnect`
 {"metadata":{"emulator":{"name":"dataconnect"},"message":"E1126 11:22:03.501131   25404 watch.go:31] Failed to load config from \"d:\\\\WORK\\\\EGIS-UKRAINA\\\\PROJECTs\\\\vac-dashboard\\\\vac-dashboard\\\\dataconnect\": could not find dataconnect.yaml in `d:\\WORK\\EGIS-UKRAINA\\PROJECTs\\vac-dashboard\\vac-dashboard\\dataconnect`\n"}}
[debug] [2025-11-26T09:22:13.501Z] E1126 11:22:13.501034   25404 watch.go:31] Failed to load config from "d:\\WORK\\EGIS-UKRAINA\\PROJECTs\\vac-dashboard\\vac-dashboard\\dataconnect": could not find dataconnect.yaml in `d:\WORK\EGIS-UKRAINA\PROJECTs\vac-dashboard\vac-dashboard\dataconnect`
 {"metadata":{"emulator":{"name":"dataconnect"},"message":"E1126 11:22:13.501034   25404 watch.go:31] Failed to load config from \"d:\\\\WORK\\\\EGIS-UKRAINA\\\\PROJECTs\\\\vac-dashboard\\\\vac-dashboard\\\\dataconnect\": could not find dataconnect.yaml in `d:\\WORK\\EGIS-UKRAINA\\PROJECTs\\vac-dashboard\\vac-dashboard\\dataconnect`\n"}}
[debug] [2025-11-26T09:22:23.500Z] E1126 11:22:23.500684   25404 watch.go:31] Failed to load config from "d:\\WORK\\EGIS-UKRAINA\\PROJECTs\\vac-dashboard\\vac-dashboard\\dataconnect": could not find dataconnect.yaml in `d:\WORK\EGIS-UKRAINA\PROJECTs\vac-dashboard\vac-dashboard\dataconnect`
 {"metadata":{"emulator":{"name":"dataconnect"},"message":"E1126 11:22:23.500684   25404 watch.go:31] Failed to load config from \"d:\\\\WORK\\\\EGIS-UKRAINA\\\\PROJECTs\\\\vac-dashboard\\\\vac-dashboard\\\\dataconnect\": could not find dataconnect.yaml in `d:\\WORK\\EGIS-UKRAINA\\PROJECTs\\vac-dashboard\\vac-dashboard\\dataconnect`\n"}}
[debug] [2025-11-26T09:22:33.501Z] E1126 11:22:33.500978   25404 watch.go:31] Failed to load config from "d:\\WORK\\EGIS-UKRAINA\\PROJECTs\\vac-dashboard\\vac-dashboard\\dataconnect": could not find dataconnect.yaml in `d:\WORK\EGIS-UKRAINA\PROJECTs\vac-dashboard\vac-dashboard\dataconnect`
 {"metadata":{"emulator":{"name":"dataconnect"},"message":"E1126 11:22:33.500978   25404 watch.go:31] Failed to load config from \"d:\\\\WORK\\\\EGIS-UKRAINA\\\\PROJECTs\\\\vac-dashboard\\\\vac-dashboard\\\\dataconnect\": could not find dataconnect.yaml in `d:\\WORK\\EGIS-UKRAINA\\PROJECTs\\vac-dashboard\\vac-dashboard\\dataconnect`\n"}}
[debug] [2025-11-26T09:22:43.500Z] E1126 11:22:43.500636   25404 watch.go:31] Failed to load config from "d:\\WORK\\EGIS-UKRAINA\\PROJECTs\\vac-dashboard\\vac-dashboard\\dataconnect": could not find dataconnect.yaml in `d:\WORK\EGIS-UKRAINA\PROJECTs\vac-dashboard\vac-dashboard\dataconnect`
 {"metadata":{"emulator":{"name":"dataconnect"},"message":"E1126 11:22:43.500636   25404 watch.go:31] Failed to load config from \"d:\\\\WORK\\\\EGIS-UKRAINA\\\\PROJECTs\\\\vac-dashboard\\\\vac-dashboard\\\\dataconnect\": could not find dataconnect.yaml in `d:\\WORK\\EGIS-UKRAINA\\PROJECTs\\vac-dashboard\\vac-dashboard\\dataconnect`\n"}}
[debug] [2025-11-26T09:22:53.501Z] E1126 11:22:53.500825   25404 watch.go:31] Failed to load config from "d:\\WORK\\EGIS-UKRAINA\\PROJECTs\\vac-dashboard\\vac-dashboard\\dataconnect": could not find dataconnect.yaml in `d:\WORK\EGIS-UKRAINA\PROJECTs\vac-dashboard\vac-dashboard\dataconnect`
 {"metadata":{"emulator":{"name":"dataconnect"},"message":"E1126 11:22:53.500825   25404 watch.go:31] Failed to load config from \"d:\\\\WORK\\\\EGIS-UKRAINA\\\\PROJECTs\\\\vac-dashboard\\\\vac-dashboard\\\\dataconnect\": could not find dataconnect.yaml in `d:\\WORK\\EGIS-UKRAINA\\PROJECTs\\vac-dashboard\\vac-dashboard\\dataconnect`\n"}}
[debug] [2025-11-26T09:23:03.501Z] E1126 11:23:03.500706   25404 watch.go:31] Failed to load config from "d:\\WORK\\EGIS-UKRAINA\\PROJECTs\\vac-dashboard\\vac-dashboard\\dataconnect": could not find dataconnect.yaml in `d:\WORK\EGIS-UKRAINA\PROJECTs\vac-dashboard\vac-dashboard\dataconnect`
 {"metadata":{"emulator":{"name":"dataconnect"},"message":"E1126 11:23:03.500706   25404 watch.go:31] Failed to load config from \"d:\\\\WORK\\\\EGIS-UKRAINA\\\\PROJECTs\\\\vac-dashboard\\\\vac-dashboard\\\\dataconnect\": could not find dataconnect.yaml in `d:\\WORK\\EGIS-UKRAINA\\PROJECTs\\vac-dashboard\\vac-dashboard\\dataconnect`\n"}}
[debug] [2025-11-26T09:23:13.501Z] E1126 11:23:13.500602   25404 watch.go:31] Failed to load config from "d:\\WORK\\EGIS-UKRAINA\\PROJECTs\\vac-dashboard\\vac-dashboard\\dataconnect": could not find dataconnect.yaml in `d:\WORK\EGIS-UKRAINA\PROJECTs\vac-dashboard\vac-dashboard\dataconnect`
 {"metadata":{"emulator":{"name":"dataconnect"},"message":"E1126 11:23:13.500602   25404 watch.go:31] Failed to load config from \"d:\\\\WORK\\\\EGIS-UKRAINA\\\\PROJECTs\\\\vac-dashboard\\\\vac-dashboard\\\\dataconnect\": could not find dataconnect.yaml in `d:\\WORK\\EGIS-UKRAINA\\PROJECTs\\vac-dashboard\\vac-dashboard\\dataconnect`\n"}}
[debug] [2025-11-26T09:23:23.501Z] E1126 11:23:23.501025   25404 watch.go:31] Failed to load config from "d:\\WORK\\EGIS-UKRAINA\\PROJECTs\\vac-dashboard\\vac-dashboard\\dataconnect": could not find dataconnect.yaml in `d:\WORK\EGIS-UKRAINA\PROJECTs\vac-dashboard\vac-dashboard\dataconnect`
E1126 11:23:23.501025   25404 watch.go:102] watchAllDir unable to walk dir `d:\WORK\EGIS-UKRAINA\PROJECTs\vac-dashboard\vac-dashboard\dataconnect`: CreateFile d:\WORK\EGIS-UKRAINA\PROJECTs\vac-dashboard\vac-dashboard\dataconnect: The system cannot find the file specified.
 {"metadata":{"emulator":{"name":"dataconnect"},"message":"E1126 11:23:23.501025   25404 watch.go:31] Failed to load config from \"d:\\\\WORK\\\\EGIS-UKRAINA\\\\PROJECTs\\\\vac-dashboard\\\\vac-dashboard\\\\dataconnect\": could not find dataconnect.yaml in `d:\\WORK\\EGIS-UKRAINA\\PROJECTs\\vac-dashboard\\vac-dashboard\\dataconnect`\nE1126 11:23:23.501025   25404 watch.go:102] watchAllDir unable to walk dir `d:\\WORK\\EGIS-UKRAINA\\PROJECTs\\vac-dashboard\\vac-dashboard\\dataconnect`: CreateFile d:\\WORK\\EGIS-UKRAINA\\PROJECTs\\vac-dashboard\\vac-dashboard\\dataconnect: The system cannot find the file specified.\n"}}
[debug] [2025-11-26T09:23:33.501Z] E1126 11:23:33.500814   25404 watch.go:31] Failed to load config from "d:\\WORK\\EGIS-UKRAINA\\PROJECTs\\vac-dashboard\\vac-dashboard\\dataconnect": could not find dataconnect.yaml in `d:\WORK\EGIS-UKRAINA\PROJECTs\vac-dashboard\vac-dashboard\dataconnect`
 {"metadata":{"emulator":{"name":"dataconnect"},"message":"E1126 11:23:33.500814   25404 watch.go:31] Failed to load config from \"d:\\\\WORK\\\\EGIS-UKRAINA\\\\PROJECTs\\\\vac-dashboard\\\\vac-dashboard\\\\dataconnect\": could not find dataconnect.yaml in `d:\\WORK\\EGIS-UKRAINA\\PROJECTs\\vac-dashboard\\vac-dashboard\\dataconnect`\n"}}
[debug] [2025-11-26T09:23:43.501Z] E1126 11:23:43.500700   25404 watch.go:31] Failed to load config from "d:\\WORK\\EGIS-UKRAINA\\PROJECTs\\vac-dashboard\\vac-dashboard\\dataconnect": could not find dataconnect.yaml in `d:\WORK\EGIS-UKRAINA\PROJECTs\vac-dashboard\vac-dashboard\dataconnect`
 {"metadata":{"emulator":{"name":"dataconnect"},"message":"E1126 11:23:43.500700   25404 watch.go:31] Failed to load config from \"d:\\\\WORK\\\\EGIS-UKRAINA\\\\PROJECTs\\\\vac-dashboard\\\\vac-dashboard\\\\dataconnect\": could not find dataconnect.yaml in `d:\\WORK\\EGIS-UKRAINA\\PROJECTs\\vac-dashboard\\vac-dashboard\\dataconnect`\n"}}
[debug] [2025-11-26T09:23:53.501Z] E1126 11:23:53.500959   25404 watch.go:31] Failed to load config from "d:\\WORK\\EGIS-UKRAINA\\PROJECTs\\vac-dashboard\\vac-dashboard\\dataconnect": could not find dataconnect.yaml in `d:\WORK\EGIS-UKRAINA\PROJECTs\vac-dashboard\vac-dashboard\dataconnect`
 {"metadata":{"emulator":{"name":"dataconnect"},"message":"E1126 11:23:53.500959   25404 watch.go:31] Failed to load config from \"d:\\\\WORK\\\\EGIS-UKRAINA\\\\PROJECTs\\\\vac-dashboard\\\\vac-dashboard\\\\dataconnect\": could not find dataconnect.yaml in `d:\\WORK\\EGIS-UKRAINA\\PROJECTs\\vac-dashboard\\vac-dashboard\\dataconnect`\n"}}
[debug] [2025-11-26T09:24:03.500Z] E1126 11:24:03.500590   25404 watch.go:31] Failed to load config from "d:\\WORK\\EGIS-UKRAINA\\PROJECTs\\vac-dashboard\\vac-dashboard\\dataconnect": could not find dataconnect.yaml in `d:\WORK\EGIS-UKRAINA\PROJECTs\vac-dashboard\vac-dashboard\dataconnect`
 {"metadata":{"emulator":{"name":"dataconnect"},"message":"E1126 11:24:03.500590   25404 watch.go:31] Failed to load config from \"d:\\\\WORK\\\\EGIS-UKRAINA\\\\PROJECTs\\\\vac-dashboard\\\\vac-dashboard\\\\dataconnect\": could not find dataconnect.yaml in `d:\\WORK\\EGIS-UKRAINA\\PROJECTs\\vac-dashboard\\vac-dashboard\\dataconnect`\n"}}
[debug] [2025-11-26T09:24:13.500Z] E1126 11:24:13.500638   25404 watch.go:31] Failed to load config from "d:\\WORK\\EGIS-UKRAINA\\PROJECTs\\vac-dashboard\\vac-dashboard\\dataconnect": could not find dataconnect.yaml in `d:\WORK\EGIS-UKRAINA\PROJECTs\vac-dashboard\vac-dashboard\dataconnect`
 {"metadata":{"emulator":{"name":"dataconnect"},"message":"E1126 11:24:13.500638   25404 watch.go:31] Failed to load config from \"d:\\\\WORK\\\\EGIS-UKRAINA\\\\PROJECTs\\\\vac-dashboard\\\\vac-dashboard\\\\dataconnect\": could not find dataconnect.yaml in `d:\\WORK\\EGIS-UKRAINA\\PROJECTs\\vac-dashboard\\vac-dashboard\\dataconnect`\n"}}
[debug] [2025-11-26T09:24:23.501Z] E1126 11:24:23.500842   25404 watch.go:31] Failed to load config from "d:\\WORK\\EGIS-UKRAINA\\PROJECTs\\vac-dashboard\\vac-dashboard\\dataconnect": could not find dataconnect.yaml in `d:\WORK\EGIS-UKRAINA\PROJECTs\vac-dashboard\vac-dashboard\dataconnect`
 {"metadata":{"emulator":{"name":"dataconnect"},"message":"E1126 11:24:23.500842   25404 watch.go:31] Failed to load config from \"d:\\\\WORK\\\\EGIS-UKRAINA\\\\PROJECTs\\\\vac-dashboard\\\\vac-dashboard\\\\dataconnect\": could not find dataconnect.yaml in `d:\\WORK\\EGIS-UKRAINA\\PROJECTs\\vac-dashboard\\vac-dashboard\\dataconnect`\n"}}
[debug] [2025-11-26T09:24:33.501Z] E1126 11:24:33.500767   25404 watch.go:31] Failed to load config from "d:\\WORK\\EGIS-UKRAINA\\PROJECTs\\vac-dashboard\\vac-dashboard\\dataconnect": could not find dataconnect.yaml in `d:\WORK\EGIS-UKRAINA\PROJECTs\vac-dashboard\vac-dashboard\dataconnect`
 {"metadata":{"emulator":{"name":"dataconnect"},"message":"E1126 11:24:33.500767   25404 watch.go:31] Failed to load config from \"d:\\\\WORK\\\\EGIS-UKRAINA\\\\PROJECTs\\\\vac-dashboard\\\\vac-dashboard\\\\dataconnect\": could not find dataconnect.yaml in `d:\\WORK\\EGIS-UKRAINA\\PROJECTs\\vac-dashboard\\vac-dashboard\\dataconnect`\n"}}
[debug] [2025-11-26T09:24:43.501Z] E1126 11:24:43.500819   25404 watch.go:31] Failed to load config from "d:\\WORK\\EGIS-UKRAINA\\PROJECTs\\vac-dashboard\\vac-dashboard\\dataconnect": could not find dataconnect.yaml in `d:\WORK\EGIS-UKRAINA\PROJECTs\vac-dashboard\vac-dashboard\dataconnect`
 {"metadata":{"emulator":{"name":"dataconnect"},"message":"E1126 11:24:43.500819   25404 watch.go:31] Failed to load config from \"d:\\\\WORK\\\\EGIS-UKRAINA\\\\PROJECTs\\\\vac-dashboard\\\\vac-dashboard\\\\dataconnect\": could not find dataconnect.yaml in `d:\\WORK\\EGIS-UKRAINA\\PROJECTs\\vac-dashboard\\vac-dashboard\\dataconnect`\n"}}
[debug] [2025-11-26T09:24:53.500Z] E1126 11:24:53.500919   25404 watch.go:31] Failed to load config from "d:\\WORK\\EGIS-UKRAINA\\PROJECTs\\vac-dashboard\\vac-dashboard\\dataconnect": could not find dataconnect.yaml in `d:\WORK\EGIS-UKRAINA\PROJECTs\vac-dashboard\vac-dashboard\dataconnect`
 {"metadata":{"emulator":{"name":"dataconnect"},"message":"E1126 11:24:53.500919   25404 watch.go:31] Failed to load config from \"d:\\\\WORK\\\\EGIS-UKRAINA\\\\PROJECTs\\\\vac-dashboard\\\\vac-dashboard\\\\dataconnect\": could not find dataconnect.yaml in `d:\\WORK\\EGIS-UKRAINA\\PROJECTs\\vac-dashboard\\vac-dashboard\\dataconnect`\n"}}
[debug] [2025-11-26T09:25:03.421Z] [Firebase Plugin] Value of process.env.MONOSPACE_ENV: undefined
[debug] [2025-11-26T09:25:03.421Z] [Firebase Plugin] requireAuthWrapper
[debug] [2025-11-26T09:25:03.422Z] > command requires scopes: ["email","openid","https://www.googleapis.com/auth/cloudplatformprojects.readonly","https://www.googleapis.com/auth/firebase","https://www.googleapis.com/auth/cloud-platform"]
[debug] [2025-11-26T09:25:03.422Z] > authorizing via signed-in user (geminixpro161@gmail.com)
[debug] [2025-11-26T09:25:03.422Z] Checked if tokens are valid: true, expires at: 1764151640293
[debug] [2025-11-26T09:25:03.422Z] [Firebase Plugin] User found:  geminixpro161@gmail.com
[info] [Firebase Plugin] (Core:Project) New user detected, fetching projects
[debug] [2025-11-26T09:25:03.423Z] Checked if tokens are valid: true, expires at: 1764151640293
[debug] [2025-11-26T09:25:03.424Z] >>> [apiv2][query] GET https://firebase.googleapis.com/v1beta1/projects pageSize=1000
[debug] [2025-11-26T09:25:03.429Z] [Firebase Plugin] Value of process.env.MONOSPACE_ENV: undefined
[debug] [2025-11-26T09:25:03.429Z] [Firebase Plugin] requireAuthWrapper
[debug] [2025-11-26T09:25:03.430Z] > command requires scopes: ["email","openid","https://www.googleapis.com/auth/cloudplatformprojects.readonly","https://www.googleapis.com/auth/firebase","https://www.googleapis.com/auth/cloud-platform"]
[debug] [2025-11-26T09:25:03.430Z] > authorizing via signed-in user (geminixpro161@gmail.com)
[debug] [2025-11-26T09:25:03.431Z] Checked if tokens are valid: true, expires at: 1764151640293
[debug] [2025-11-26T09:25:03.431Z] [Firebase Plugin] User found:  geminixpro161@gmail.com
[info] [Firebase Plugin] (Core:Project) New user detected, fetching projects
[debug] [2025-11-26T09:25:03.431Z] Checked if tokens are valid: true, expires at: 1764151640293
[debug] [2025-11-26T09:25:03.431Z] >>> [apiv2][query] GET https://firebase.googleapis.com/v1beta1/projects pageSize=1000
[debug] [2025-11-26T09:25:03.437Z] Emulator locator file path: C:\Users\User\AppData\Local\Temp\hub-vacation-dashboard-06562-e46b1.json
[debug] [2025-11-26T09:25:03.500Z] E1126 11:25:03.500723   25404 watch.go:31] Failed to load config from "d:\\WORK\\EGIS-UKRAINA\\PROJECTs\\vac-dashboard\\vac-dashboard\\dataconnect": could not find dataconnect.yaml in `d:\WORK\EGIS-UKRAINA\PROJECTs\vac-dashboard\vac-dashboard\dataconnect`
 {"metadata":{"emulator":{"name":"dataconnect"},"message":"E1126 11:25:03.500723   25404 watch.go:31] Failed to load config from \"d:\\\\WORK\\\\EGIS-UKRAINA\\\\PROJECTs\\\\vac-dashboard\\\\vac-dashboard\\\\dataconnect\": could not find dataconnect.yaml in `d:\\WORK\\EGIS-UKRAINA\\PROJECTs\\vac-dashboard\\vac-dashboard\\dataconnect`\n"}}
[debug] [2025-11-26T09:25:03.867Z] <<< [apiv2][status] GET https://firebase.googleapis.com/v1beta1/projects 200
[debug] [2025-11-26T09:25:03.867Z] <<< [apiv2][body] GET https://firebase.googleapis.com/v1beta1/projects [omitted]
[debug] [2025-11-26T09:25:03.907Z] <<< [apiv2][status] GET https://firebase.googleapis.com/v1beta1/projects 200
[debug] [2025-11-26T09:25:03.908Z] <<< [apiv2][body] GET https://firebase.googleapis.com/v1beta1/projects [omitted]
[debug] [2025-11-26T09:25:13.500Z] E1126 11:25:13.500677   25404 watch.go:31] Failed to load config from "d:\\WORK\\EGIS-UKRAINA\\PROJECTs\\vac-dashboard\\vac-dashboard\\dataconnect": could not find dataconnect.yaml in `d:\WORK\EGIS-UKRAINA\PROJECTs\vac-dashboard\vac-dashboard\dataconnect`
 {"metadata":{"emulator":{"name":"dataconnect"},"message":"E1126 11:25:13.500677   25404 watch.go:31] Failed to load config from \"d:\\\\WORK\\\\EGIS-UKRAINA\\\\PROJECTs\\\\vac-dashboard\\\\vac-dashboard\\\\dataconnect\": could not find dataconnect.yaml in `d:\\WORK\\EGIS-UKRAINA\\PROJECTs\\vac-dashboard\\vac-dashboard\\dataconnect`\n"}}
[debug] [2025-11-26T09:25:23.500Z] E1126 11:25:23.500681   25404 watch.go:31] Failed to load config from "d:\\WORK\\EGIS-UKRAINA\\PROJECTs\\vac-dashboard\\vac-dashboard\\dataconnect": could not find dataconnect.yaml in `d:\WORK\EGIS-UKRAINA\PROJECTs\vac-dashboard\vac-dashboard\dataconnect`
E1126 11:25:23.500681   25404 watch.go:102] watchAllDir unable to walk dir `d:\WORK\EGIS-UKRAINA\PROJECTs\vac-dashboard\vac-dashboard\dataconnect`: CreateFile d:\WORK\EGIS-UKRAINA\PROJECTs\vac-dashboard\vac-dashboard\dataconnect: The system cannot find the file specified.
 {"metadata":{"emulator":{"name":"dataconnect"},"message":"E1126 11:25:23.500681   25404 watch.go:31] Failed to load config from \"d:\\\\WORK\\\\EGIS-UKRAINA\\\\PROJECTs\\\\vac-dashboard\\\\vac-dashboard\\\\dataconnect\": could not find dataconnect.yaml in `d:\\WORK\\EGIS-UKRAINA\\PROJECTs\\vac-dashboard\\vac-dashboard\\dataconnect`\nE1126 11:25:23.500681   25404 watch.go:102] watchAllDir unable to walk dir `d:\\WORK\\EGIS-UKRAINA\\PROJECTs\\vac-dashboard\\vac-dashboard\\dataconnect`: CreateFile d:\\WORK\\EGIS-UKRAINA\\PROJECTs\\vac-dashboard\\vac-dashboard\\dataconnect: The system cannot find the file specified.\n"}}
[debug] [2025-11-26T09:25:33.500Z] E1126 11:25:33.500728   25404 watch.go:31] Failed to load config from "d:\\WORK\\EGIS-UKRAINA\\PROJECTs\\vac-dashboard\\vac-dashboard\\dataconnect": could not find dataconnect.yaml in `d:\WORK\EGIS-UKRAINA\PROJECTs\vac-dashboard\vac-dashboard\dataconnect`
 {"metadata":{"emulator":{"name":"dataconnect"},"message":"E1126 11:25:33.500728   25404 watch.go:31] Failed to load config from \"d:\\\\WORK\\\\EGIS-UKRAINA\\\\PROJECTs\\\\vac-dashboard\\\\vac-dashboard\\\\dataconnect\": could not find dataconnect.yaml in `d:\\WORK\\EGIS-UKRAINA\\PROJECTs\\vac-dashboard\\vac-dashboard\\dataconnect`\n"}}
[debug] [2025-11-26T09:25:43.500Z] E1126 11:25:43.500604   25404 watch.go:31] Failed to load config from "d:\\WORK\\EGIS-UKRAINA\\PROJECTs\\vac-dashboard\\vac-dashboard\\dataconnect": could not find dataconnect.yaml in `d:\WORK\EGIS-UKRAINA\PROJECTs\vac-dashboard\vac-dashboard\dataconnect`
 {"metadata":{"emulator":{"name":"dataconnect"},"message":"E1126 11:25:43.500604   25404 watch.go:31] Failed to load config from \"d:\\\\WORK\\\\EGIS-UKRAINA\\\\PROJECTs\\\\vac-dashboard\\\\vac-dashboard\\\\dataconnect\": could not find dataconnect.yaml in `d:\\WORK\\EGIS-UKRAINA\\PROJECTs\\vac-dashboard\\vac-dashboard\\dataconnect`\n"}}
[debug] [2025-11-26T09:25:53.500Z] E1126 11:25:53.500631   25404 watch.go:31] Failed to load config from "d:\\WORK\\EGIS-UKRAINA\\PROJECTs\\vac-dashboard\\vac-dashboard\\dataconnect": could not find dataconnect.yaml in `d:\WORK\EGIS-UKRAINA\PROJECTs\vac-dashboard\vac-dashboard\dataconnect`
 {"metadata":{"emulator":{"name":"dataconnect"},"message":"E1126 11:25:53.500631   25404 watch.go:31] Failed to load config from \"d:\\\\WORK\\\\EGIS-UKRAINA\\\\PROJECTs\\\\vac-dashboard\\\\vac-dashboard\\\\dataconnect\": could not find dataconnect.yaml in `d:\\WORK\\EGIS-UKRAINA\\PROJECTs\\vac-dashboard\\vac-dashboard\\dataconnect`\n"}}
[debug] [2025-11-26T09:26:03.500Z] E1126 11:26:03.500731   25404 watch.go:31] Failed to load config from "d:\\WORK\\EGIS-UKRAINA\\PROJECTs\\vac-dashboard\\vac-dashboard\\dataconnect": could not find dataconnect.yaml in `d:\WORK\EGIS-UKRAINA\PROJECTs\vac-dashboard\vac-dashboard\dataconnect`
 {"metadata":{"emulator":{"name":"dataconnect"},"message":"E1126 11:26:03.500731   25404 watch.go:31] Failed to load config from \"d:\\\\WORK\\\\EGIS-UKRAINA\\\\PROJECTs\\\\vac-dashboard\\\\vac-dashboard\\\\dataconnect\": could not find dataconnect.yaml in `d:\\WORK\\EGIS-UKRAINA\\PROJECTs\\vac-dashboard\\vac-dashboard\\dataconnect`\n"}}
[debug] [2025-11-26T09:26:13.500Z] E1126 11:26:13.500641   25404 watch.go:31] Failed to load config from "d:\\WORK\\EGIS-UKRAINA\\PROJECTs\\vac-dashboard\\vac-dashboard\\dataconnect": could not find dataconnect.yaml in `d:\WORK\EGIS-UKRAINA\PROJECTs\vac-dashboard\vac-dashboard\dataconnect`
 {"metadata":{"emulator":{"name":"dataconnect"},"message":"E1126 11:26:13.500641   25404 watch.go:31] Failed to load config from \"d:\\\\WORK\\\\EGIS-UKRAINA\\\\PROJECTs\\\\vac-dashboard\\\\vac-dashboard\\\\dataconnect\": could not find dataconnect.yaml in `d:\\WORK\\EGIS-UKRAINA\\PROJECTs\\vac-dashboard\\vac-dashboard\\dataconnect`\n"}}
[debug] [2025-11-26T09:26:23.500Z] E1126 11:26:23.501064   25404 watch.go:31] Failed to load config from "d:\\WORK\\EGIS-UKRAINA\\PROJECTs\\vac-dashboard\\vac-dashboard\\dataconnect": could not find dataconnect.yaml in `d:\WORK\EGIS-UKRAINA\PROJECTs\vac-dashboard\vac-dashboard\dataconnect`
 {"metadata":{"emulator":{"name":"dataconnect"},"message":"E1126 11:26:23.501064   25404 watch.go:31] Failed to load config from \"d:\\\\WORK\\\\EGIS-UKRAINA\\\\PROJECTs\\\\vac-dashboard\\\\vac-dashboard\\\\dataconnect\": could not find dataconnect.yaml in `d:\\WORK\\EGIS-UKRAINA\\PROJECTs\\vac-dashboard\\vac-dashboard\\dataconnect`\n"}}
[debug] [2025-11-26T09:26:33.500Z] E1126 11:26:33.501160   25404 watch.go:31] Failed to load config from "d:\\WORK\\EGIS-UKRAINA\\PROJECTs\\vac-dashboard\\vac-dashboard\\dataconnect": could not find dataconnect.yaml in `d:\WORK\EGIS-UKRAINA\PROJECTs\vac-dashboard\vac-dashboard\dataconnect`
 {"metadata":{"emulator":{"name":"dataconnect"},"message":"E1126 11:26:33.501160   25404 watch.go:31] Failed to load config from \"d:\\\\WORK\\\\EGIS-UKRAINA\\\\PROJECTs\\\\vac-dashboard\\\\vac-dashboard\\\\dataconnect\": could not find dataconnect.yaml in `d:\\WORK\\EGIS-UKRAINA\\PROJECTs\\vac-dashboard\\vac-dashboard\\dataconnect`\n"}}
[debug] [2025-11-26T09:26:43.500Z] E1126 11:26:43.500961   25404 watch.go:31] Failed to load config from "d:\\WORK\\EGIS-UKRAINA\\PROJECTs\\vac-dashboard\\vac-dashboard\\dataconnect": could not find dataconnect.yaml in `d:\WORK\EGIS-UKRAINA\PROJECTs\vac-dashboard\vac-dashboard\dataconnect`
 {"metadata":{"emulator":{"name":"dataconnect"},"message":"E1126 11:26:43.500961   25404 watch.go:31] Failed to load config from \"d:\\\\WORK\\\\EGIS-UKRAINA\\\\PROJECTs\\\\vac-dashboard\\\\vac-dashboard\\\\dataconnect\": could not find dataconnect.yaml in `d:\\WORK\\EGIS-UKRAINA\\PROJECTs\\vac-dashboard\\vac-dashboard\\dataconnect`\n"}}
[debug] [2025-11-26T09:26:53.500Z] E1126 11:26:53.500971   25404 watch.go:31] Failed to load config from "d:\\WORK\\EGIS-UKRAINA\\PROJECTs\\vac-dashboard\\vac-dashboard\\dataconnect": could not find dataconnect.yaml in `d:\WORK\EGIS-UKRAINA\PROJECTs\vac-dashboard\vac-dashboard\dataconnect`
 {"metadata":{"emulator":{"name":"dataconnect"},"message":"E1126 11:26:53.500971   25404 watch.go:31] Failed to load config from \"d:\\\\WORK\\\\EGIS-UKRAINA\\\\PROJECTs\\\\vac-dashboard\\\\vac-dashboard\\\\dataconnect\": could not find dataconnect.yaml in `d:\\WORK\\EGIS-UKRAINA\\PROJECTs\\vac-dashboard\\vac-dashboard\\dataconnect`\n"}}
[debug] [2025-11-26T09:27:03.500Z] E1126 11:27:03.500980   25404 watch.go:31] Failed to load config from "d:\\WORK\\EGIS-UKRAINA\\PROJECTs\\vac-dashboard\\vac-dashboard\\dataconnect": could not find dataconnect.yaml in `d:\WORK\EGIS-UKRAINA\PROJECTs\vac-dashboard\vac-dashboard\dataconnect`
 {"metadata":{"emulator":{"name":"dataconnect"},"message":"E1126 11:27:03.500980   25404 watch.go:31] Failed to load config from \"d:\\\\WORK\\\\EGIS-UKRAINA\\\\PROJECTs\\\\vac-dashboard\\\\vac-dashboard\\\\dataconnect\": could not find dataconnect.yaml in `d:\\WORK\\EGIS-UKRAINA\\PROJECTs\\vac-dashboard\\vac-dashboard\\dataconnect`\n"}}
[debug] [2025-11-26T09:27:13.500Z] E1126 11:27:13.500813   25404 watch.go:31] Failed to load config from "d:\\WORK\\EGIS-UKRAINA\\PROJECTs\\vac-dashboard\\vac-dashboard\\dataconnect": could not find dataconnect.yaml in `d:\WORK\EGIS-UKRAINA\PROJECTs\vac-dashboard\vac-dashboard\dataconnect`
 {"metadata":{"emulator":{"name":"dataconnect"},"message":"E1126 11:27:13.500813   25404 watch.go:31] Failed to load config from \"d:\\\\WORK\\\\EGIS-UKRAINA\\\\PROJECTs\\\\vac-dashboard\\\\vac-dashboard\\\\dataconnect\": could not find dataconnect.yaml in `d:\\WORK\\EGIS-UKRAINA\\PROJECTs\\vac-dashboard\\vac-dashboard\\dataconnect`\n"}}
[debug] [2025-11-26T09:27:23.500Z] E1126 11:27:23.501201   25404 watch.go:31] Failed to load config from "d:\\WORK\\EGIS-UKRAINA\\PROJECTs\\vac-dashboard\\vac-dashboard\\dataconnect": could not find dataconnect.yaml in `d:\WORK\EGIS-UKRAINA\PROJECTs\vac-dashboard\vac-dashboard\dataconnect`
E1126 11:27:23.501201   25404 watch.go:102] watchAllDir unable to walk dir `d:\WORK\EGIS-UKRAINA\PROJECTs\vac-dashboard\vac-dashboard\dataconnect`: CreateFile d:\WORK\EGIS-UKRAINA\PROJECTs\vac-dashboard\vac-dashboard\dataconnect: The system cannot find the file specified.
 {"metadata":{"emulator":{"name":"dataconnect"},"message":"E1126 11:27:23.501201   25404 watch.go:31] Failed to load config from \"d:\\\\WORK\\\\EGIS-UKRAINA\\\\PROJECTs\\\\vac-dashboard\\\\vac-dashboard\\\\dataconnect\": could not find dataconnect.yaml in `d:\\WORK\\EGIS-UKRAINA\\PROJECTs\\vac-dashboard\\vac-dashboard\\dataconnect`\nE1126 11:27:23.501201   25404 watch.go:102] watchAllDir unable to walk dir `d:\\WORK\\EGIS-UKRAINA\\PROJECTs\\vac-dashboard\\vac-dashboard\\dataconnect`: CreateFile d:\\WORK\\EGIS-UKRAINA\\PROJECTs\\vac-dashboard\\vac-dashboard\\dataconnect: The system cannot find the file specified.\n"}}
[debug] [2025-11-26T09:27:33.500Z] E1126 11:27:33.501038   25404 watch.go:31] Failed to load config from "d:\\WORK\\EGIS-UKRAINA\\PROJECTs\\vac-dashboard\\vac-dashboard\\dataconnect": could not find dataconnect.yaml in `d:\WORK\EGIS-UKRAINA\PROJECTs\vac-dashboard\vac-dashboard\dataconnect`
 {"metadata":{"emulator":{"name":"dataconnect"},"message":"E1126 11:27:33.501038   25404 watch.go:31] Failed to load config from \"d:\\\\WORK\\\\EGIS-UKRAINA\\\\PROJECTs\\\\vac-dashboard\\\\vac-dashboard\\\\dataconnect\": could not find dataconnect.yaml in `d:\\WORK\\EGIS-UKRAINA\\PROJECTs\\vac-dashboard\\vac-dashboard\\dataconnect`\n"}}
[debug] [2025-11-26T09:27:43.499Z] E1126 11:27:43.500494   25404 watch.go:31] Failed to load config from "d:\\WORK\\EGIS-UKRAINA\\PROJECTs\\vac-dashboard\\vac-dashboard\\dataconnect": could not find dataconnect.yaml in `d:\WORK\EGIS-UKRAINA\PROJECTs\vac-dashboard\vac-dashboard\dataconnect`
 {"metadata":{"emulator":{"name":"dataconnect"},"message":"E1126 11:27:43.500494   25404 watch.go:31] Failed to load config from \"d:\\\\WORK\\\\EGIS-UKRAINA\\\\PROJECTs\\\\vac-dashboard\\\\vac-dashboard\\\\dataconnect\": could not find dataconnect.yaml in `d:\\WORK\\EGIS-UKRAINA\\PROJECTs\\vac-dashboard\\vac-dashboard\\dataconnect`\n"}}
[debug] [2025-11-26T09:27:53.500Z] E1126 11:27:53.500927   25404 watch.go:31] Failed to load config from "d:\\WORK\\EGIS-UKRAINA\\PROJECTs\\vac-dashboard\\vac-dashboard\\dataconnect": could not find dataconnect.yaml in `d:\WORK\EGIS-UKRAINA\PROJECTs\vac-dashboard\vac-dashboard\dataconnect`
 {"metadata":{"emulator":{"name":"dataconnect"},"message":"E1126 11:27:53.500927   25404 watch.go:31] Failed to load config from \"d:\\\\WORK\\\\EGIS-UKRAINA\\\\PROJECTs\\\\vac-dashboard\\\\vac-dashboard\\\\dataconnect\": could not find dataconnect.yaml in `d:\\WORK\\EGIS-UKRAINA\\PROJECTs\\vac-dashboard\\vac-dashboard\\dataconnect`\n"}}
[debug] [2025-11-26T09:28:03.500Z] E1126 11:28:03.500630   25404 watch.go:31] Failed to load config from "d:\\WORK\\EGIS-UKRAINA\\PROJECTs\\vac-dashboard\\vac-dashboard\\dataconnect": could not find dataconnect.yaml in `d:\WORK\EGIS-UKRAINA\PROJECTs\vac-dashboard\vac-dashboard\dataconnect`
 {"metadata":{"emulator":{"name":"dataconnect"},"message":"E1126 11:28:03.500630   25404 watch.go:31] Failed to load config from \"d:\\\\WORK\\\\EGIS-UKRAINA\\\\PROJECTs\\\\vac-dashboard\\\\vac-dashboard\\\\dataconnect\": could not find dataconnect.yaml in `d:\\WORK\\EGIS-UKRAINA\\PROJECTs\\vac-dashboard\\vac-dashboard\\dataconnect`\n"}}
[debug] [2025-11-26T09:28:13.500Z] E1126 11:28:13.500717   25404 watch.go:31] Failed to load config from "d:\\WORK\\EGIS-UKRAINA\\PROJECTs\\vac-dashboard\\vac-dashboard\\dataconnect": could not find dataconnect.yaml in `d:\WORK\EGIS-UKRAINA\PROJECTs\vac-dashboard\vac-dashboard\dataconnect`
 {"metadata":{"emulator":{"name":"dataconnect"},"message":"E1126 11:28:13.500717   25404 watch.go:31] Failed to load config from \"d:\\\\WORK\\\\EGIS-UKRAINA\\\\PROJECTs\\\\vac-dashboard\\\\vac-dashboard\\\\dataconnect\": could not find dataconnect.yaml in `d:\\WORK\\EGIS-UKRAINA\\PROJECTs\\vac-dashboard\\vac-dashboard\\dataconnect`\n"}}
[debug] [2025-11-26T09:28:23.501Z] E1126 11:28:23.500942   25404 watch.go:31] Failed to load config from "d:\\WORK\\EGIS-UKRAINA\\PROJECTs\\vac-dashboard\\vac-dashboard\\dataconnect": could not find dataconnect.yaml in `d:\WORK\EGIS-UKRAINA\PROJECTs\vac-dashboard\vac-dashboard\dataconnect`
 {"metadata":{"emulator":{"name":"dataconnect"},"message":"E1126 11:28:23.500942   25404 watch.go:31] Failed to load config from \"d:\\\\WORK\\\\EGIS-UKRAINA\\\\PROJECTs\\\\vac-dashboard\\\\vac-dashboard\\\\dataconnect\": could not find dataconnect.yaml in `d:\\WORK\\EGIS-UKRAINA\\PROJECTs\\vac-dashboard\\vac-dashboard\\dataconnect`\n"}}
[debug] [2025-11-26T09:28:33.500Z] E1126 11:28:33.500793   25404 watch.go:31] Failed to load config from "d:\\WORK\\EGIS-UKRAINA\\PROJECTs\\vac-dashboard\\vac-dashboard\\dataconnect": could not find dataconnect.yaml in `d:\WORK\EGIS-UKRAINA\PROJECTs\vac-dashboard\vac-dashboard\dataconnect`
 {"metadata":{"emulator":{"name":"dataconnect"},"message":"E1126 11:28:33.500793   25404 watch.go:31] Failed to load config from \"d:\\\\WORK\\\\EGIS-UKRAINA\\\\PROJECTs\\\\vac-dashboard\\\\vac-dashboard\\\\dataconnect\": could not find dataconnect.yaml in `d:\\WORK\\EGIS-UKRAINA\\PROJECTs\\vac-dashboard\\vac-dashboard\\dataconnect`\n"}}
[debug] [2025-11-26T09:28:43.501Z] E1126 11:28:43.501305   25404 watch.go:31] Failed to load config from "d:\\WORK\\EGIS-UKRAINA\\PROJECTs\\vac-dashboard\\vac-dashboard\\dataconnect": could not find dataconnect.yaml in `d:\WORK\EGIS-UKRAINA\PROJECTs\vac-dashboard\vac-dashboard\dataconnect`
 {"metadata":{"emulator":{"name":"dataconnect"},"message":"E1126 11:28:43.501305   25404 watch.go:31] Failed to load config from \"d:\\\\WORK\\\\EGIS-UKRAINA\\\\PROJECTs\\\\vac-dashboard\\\\vac-dashboard\\\\dataconnect\": could not find dataconnect.yaml in `d:\\WORK\\EGIS-UKRAINA\\PROJECTs\\vac-dashboard\\vac-dashboard\\dataconnect`\n"}}
[debug] [2025-11-26T09:28:53.501Z] E1126 11:28:53.500953   25404 watch.go:31] Failed to load config from "d:\\WORK\\EGIS-UKRAINA\\PROJECTs\\vac-dashboard\\vac-dashboard\\dataconnect": could not find dataconnect.yaml in `d:\WORK\EGIS-UKRAINA\PROJECTs\vac-dashboard\vac-dashboard\dataconnect`
 {"metadata":{"emulator":{"name":"dataconnect"},"message":"E1126 11:28:53.500953   25404 watch.go:31] Failed to load config from \"d:\\\\WORK\\\\EGIS-UKRAINA\\\\PROJECTs\\\\vac-dashboard\\\\vac-dashboard\\\\dataconnect\": could not find dataconnect.yaml in `d:\\WORK\\EGIS-UKRAINA\\PROJECTs\\vac-dashboard\\vac-dashboard\\dataconnect`\n"}}
[debug] [2025-11-26T09:29:03.501Z] E1126 11:29:03.500988   25404 watch.go:31] Failed to load config from "d:\\WORK\\EGIS-UKRAINA\\PROJECTs\\vac-dashboard\\vac-dashboard\\dataconnect": could not find dataconnect.yaml in `d:\WORK\EGIS-UKRAINA\PROJECTs\vac-dashboard\vac-dashboard\dataconnect`
 {"metadata":{"emulator":{"name":"dataconnect"},"message":"E1126 11:29:03.500988   25404 watch.go:31] Failed to load config from \"d:\\\\WORK\\\\EGIS-UKRAINA\\\\PROJECTs\\\\vac-dashboard\\\\vac-dashboard\\\\dataconnect\": could not find dataconnect.yaml in `d:\\WORK\\EGIS-UKRAINA\\PROJECTs\\vac-dashboard\\vac-dashboard\\dataconnect`\n"}}
[debug] [2025-11-26T09:29:13.501Z] E1126 11:29:13.500900   25404 watch.go:31] Failed to load config from "d:\\WORK\\EGIS-UKRAINA\\PROJECTs\\vac-dashboard\\vac-dashboard\\dataconnect": could not find dataconnect.yaml in `d:\WORK\EGIS-UKRAINA\PROJECTs\vac-dashboard\vac-dashboard\dataconnect`
 {"metadata":{"emulator":{"name":"dataconnect"},"message":"E1126 11:29:13.500900   25404 watch.go:31] Failed to load config from \"d:\\\\WORK\\\\EGIS-UKRAINA\\\\PROJECTs\\\\vac-dashboard\\\\vac-dashboard\\\\dataconnect\": could not find dataconnect.yaml in `d:\\WORK\\EGIS-UKRAINA\\PROJECTs\\vac-dashboard\\vac-dashboard\\dataconnect`\n"}}
[debug] [2025-11-26T09:29:23.501Z] E1126 11:29:23.500618   25404 watch.go:31] Failed to load config from "d:\\WORK\\EGIS-UKRAINA\\PROJECTs\\vac-dashboard\\vac-dashboard\\dataconnect": could not find dataconnect.yaml in `d:\WORK\EGIS-UKRAINA\PROJECTs\vac-dashboard\vac-dashboard\dataconnect`
E1126 11:29:23.500618   25404 watch.go:102] watchAllDir unable to walk dir `d:\WORK\EGIS-UKRAINA\PROJECTs\vac-dashboard\vac-dashboard\dataconnect`: CreateFile d:\WORK\EGIS-UKRAINA\PROJECTs\vac-dashboard\vac-dashboard\dataconnect: The system cannot find the file specified.
 {"metadata":{"emulator":{"name":"dataconnect"},"message":"E1126 11:29:23.500618   25404 watch.go:31] Failed to load config from \"d:\\\\WORK\\\\EGIS-UKRAINA\\\\PROJECTs\\\\vac-dashboard\\\\vac-dashboard\\\\dataconnect\": could not find dataconnect.yaml in `d:\\WORK\\EGIS-UKRAINA\\PROJECTs\\vac-dashboard\\vac-dashboard\\dataconnect`\nE1126 11:29:23.500618   25404 watch.go:102] watchAllDir unable to walk dir `d:\\WORK\\EGIS-UKRAINA\\PROJECTs\\vac-dashboard\\vac-dashboard\\dataconnect`: CreateFile d:\\WORK\\EGIS-UKRAINA\\PROJECTs\\vac-dashboard\\vac-dashboard\\dataconnect: The system cannot find the file specified.\n"}}
[debug] [2025-11-26T09:29:33.501Z] E1126 11:29:33.500936   25404 watch.go:31] Failed to load config from "d:\\WORK\\EGIS-UKRAINA\\PROJECTs\\vac-dashboard\\vac-dashboard\\dataconnect": could not find dataconnect.yaml in `d:\WORK\EGIS-UKRAINA\PROJECTs\vac-dashboard\vac-dashboard\dataconnect`
 {"metadata":{"emulator":{"name":"dataconnect"},"message":"E1126 11:29:33.500936   25404 watch.go:31] Failed to load config from \"d:\\\\WORK\\\\EGIS-UKRAINA\\\\PROJECTs\\\\vac-dashboard\\\\vac-dashboard\\\\dataconnect\": could not find dataconnect.yaml in `d:\\WORK\\EGIS-UKRAINA\\PROJECTs\\vac-dashboard\\vac-dashboard\\dataconnect`\n"}}
[debug] [2025-11-26T09:29:43.501Z] E1126 11:29:43.500759   25404 watch.go:31] Failed to load config from "d:\\WORK\\EGIS-UKRAINA\\PROJECTs\\vac-dashboard\\vac-dashboard\\dataconnect": could not find dataconnect.yaml in `d:\WORK\EGIS-UKRAINA\PROJECTs\vac-dashboard\vac-dashboard\dataconnect`
 {"metadata":{"emulator":{"name":"dataconnect"},"message":"E1126 11:29:43.500759   25404 watch.go:31] Failed to load config from \"d:\\\\WORK\\\\EGIS-UKRAINA\\\\PROJECTs\\\\vac-dashboard\\\\vac-dashboard\\\\dataconnect\": could not find dataconnect.yaml in `d:\\WORK\\EGIS-UKRAINA\\PROJECTs\\vac-dashboard\\vac-dashboard\\dataconnect`\n"}}
[debug] [2025-11-26T09:29:53.500Z] E1126 11:29:53.500894   25404 watch.go:31] Failed to load config from "d:\\WORK\\EGIS-UKRAINA\\PROJECTs\\vac-dashboard\\vac-dashboard\\dataconnect": could not find dataconnect.yaml in `d:\WORK\EGIS-UKRAINA\PROJECTs\vac-dashboard\vac-dashboard\dataconnect`
 {"metadata":{"emulator":{"name":"dataconnect"},"message":"E1126 11:29:53.500894   25404 watch.go:31] Failed to load config from \"d:\\\\WORK\\\\EGIS-UKRAINA\\\\PROJECTs\\\\vac-dashboard\\\\vac-dashboard\\\\dataconnect\": could not find dataconnect.yaml in `d:\\WORK\\EGIS-UKRAINA\\PROJECTs\\vac-dashboard\\vac-dashboard\\dataconnect`\n"}}
[debug] [2025-11-26T09:30:03.500Z] E1126 11:30:03.500552   25404 watch.go:31] Failed to load config from "d:\\WORK\\EGIS-UKRAINA\\PROJECTs\\vac-dashboard\\vac-dashboard\\dataconnect": could not find dataconnect.yaml in `d:\WORK\EGIS-UKRAINA\PROJECTs\vac-dashboard\vac-dashboard\dataconnect`
 {"metadata":{"emulator":{"name":"dataconnect"},"message":"E1126 11:30:03.500552   25404 watch.go:31] Failed to load config from \"d:\\\\WORK\\\\EGIS-UKRAINA\\\\PROJECTs\\\\vac-dashboard\\\\vac-dashboard\\\\dataconnect\": could not find dataconnect.yaml in `d:\\WORK\\EGIS-UKRAINA\\PROJECTs\\vac-dashboard\\vac-dashboard\\dataconnect`\n"}}
[debug] [2025-11-26T09:30:13.500Z] E1126 11:30:13.500595   25404 watch.go:31] Failed to load config from "d:\\WORK\\EGIS-UKRAINA\\PROJECTs\\vac-dashboard\\vac-dashboard\\dataconnect": could not find dataconnect.yaml in `d:\WORK\EGIS-UKRAINA\PROJECTs\vac-dashboard\vac-dashboard\dataconnect`
 {"metadata":{"emulator":{"name":"dataconnect"},"message":"E1126 11:30:13.500595   25404 watch.go:31] Failed to load config from \"d:\\\\WORK\\\\EGIS-UKRAINA\\\\PROJECTs\\\\vac-dashboard\\\\vac-dashboard\\\\dataconnect\": could not find dataconnect.yaml in `d:\\WORK\\EGIS-UKRAINA\\PROJECTs\\vac-dashboard\\vac-dashboard\\dataconnect`\n"}}
[debug] [2025-11-26T09:30:23.500Z] E1126 11:30:23.500771   25404 watch.go:31] Failed to load config from "d:\\WORK\\EGIS-UKRAINA\\PROJECTs\\vac-dashboard\\vac-dashboard\\dataconnect": could not find dataconnect.yaml in `d:\WORK\EGIS-UKRAINA\PROJECTs\vac-dashboard\vac-dashboard\dataconnect`
 {"metadata":{"emulator":{"name":"dataconnect"},"message":"E1126 11:30:23.500771   25404 watch.go:31] Failed to load config from \"d:\\\\WORK\\\\EGIS-UKRAINA\\\\PROJECTs\\\\vac-dashboard\\\\vac-dashboard\\\\dataconnect\": could not find dataconnect.yaml in `d:\\WORK\\EGIS-UKRAINA\\PROJECTs\\vac-dashboard\\vac-dashboard\\dataconnect`\n"}}
[debug] [2025-11-26T09:30:33.500Z] E1126 11:30:33.500588   25404 watch.go:31] Failed to load config from "d:\\WORK\\EGIS-UKRAINA\\PROJECTs\\vac-dashboard\\vac-dashboard\\dataconnect": could not find dataconnect.yaml in `d:\WORK\EGIS-UKRAINA\PROJECTs\vac-dashboard\vac-dashboard\dataconnect`
 {"metadata":{"emulator":{"name":"dataconnect"},"message":"E1126 11:30:33.500588   25404 watch.go:31] Failed to load config from \"d:\\\\WORK\\\\EGIS-UKRAINA\\\\PROJECTs\\\\vac-dashboard\\\\vac-dashboard\\\\dataconnect\": could not find dataconnect.yaml in `d:\\WORK\\EGIS-UKRAINA\\PROJECTs\\vac-dashboard\\vac-dashboard\\dataconnect`\n"}}
[debug] [2025-11-26T09:30:43.500Z] E1126 11:30:43.500801   25404 watch.go:31] Failed to load config from "d:\\WORK\\EGIS-UKRAINA\\PROJECTs\\vac-dashboard\\vac-dashboard\\dataconnect": could not find dataconnect.yaml in `d:\WORK\EGIS-UKRAINA\PROJECTs\vac-dashboard\vac-dashboard\dataconnect`
 {"metadata":{"emulator":{"name":"dataconnect"},"message":"E1126 11:30:43.500801   25404 watch.go:31] Failed to load config from \"d:\\\\WORK\\\\EGIS-UKRAINA\\\\PROJECTs\\\\vac-dashboard\\\\vac-dashboard\\\\dataconnect\": could not find dataconnect.yaml in `d:\\WORK\\EGIS-UKRAINA\\PROJECTs\\vac-dashboard\\vac-dashboard\\dataconnect`\n"}}
[debug] [2025-11-26T09:30:53.500Z] E1126 11:30:53.500831   25404 watch.go:31] Failed to load config from "d:\\WORK\\EGIS-UKRAINA\\PROJECTs\\vac-dashboard\\vac-dashboard\\dataconnect": could not find dataconnect.yaml in `d:\WORK\EGIS-UKRAINA\PROJECTs\vac-dashboard\vac-dashboard\dataconnect`
 {"metadata":{"emulator":{"name":"dataconnect"},"message":"E1126 11:30:53.500831   25404 watch.go:31] Failed to load config from \"d:\\\\WORK\\\\EGIS-UKRAINA\\\\PROJECTs\\\\vac-dashboard\\\\vac-dashboard\\\\dataconnect\": could not find dataconnect.yaml in `d:\\WORK\\EGIS-UKRAINA\\PROJECTs\\vac-dashboard\\vac-dashboard\\dataconnect`\n"}}
[debug] [2025-11-26T09:31:03.501Z] E1126 11:31:03.500637   25404 watch.go:31] Failed to load config from "d:\\WORK\\EGIS-UKRAINA\\PROJECTs\\vac-dashboard\\vac-dashboard\\dataconnect": could not find dataconnect.yaml in `d:\WORK\EGIS-UKRAINA\PROJECTs\vac-dashboard\vac-dashboard\dataconnect`
 {"metadata":{"emulator":{"name":"dataconnect"},"message":"E1126 11:31:03.500637   25404 watch.go:31] Failed to load config from \"d:\\\\WORK\\\\EGIS-UKRAINA\\\\PROJECTs\\\\vac-dashboard\\\\vac-dashboard\\\\dataconnect\": could not find dataconnect.yaml in `d:\\WORK\\EGIS-UKRAINA\\PROJECTs\\vac-dashboard\\vac-dashboard\\dataconnect`\n"}}
[debug] [2025-11-26T09:31:13.501Z] E1126 11:31:13.500963   25404 watch.go:31] Failed to load config from "d:\\WORK\\EGIS-UKRAINA\\PROJECTs\\vac-dashboard\\vac-dashboard\\dataconnect": could not find dataconnect.yaml in `d:\WORK\EGIS-UKRAINA\PROJECTs\vac-dashboard\vac-dashboard\dataconnect`
 {"metadata":{"emulator":{"name":"dataconnect"},"message":"E1126 11:31:13.500963   25404 watch.go:31] Failed to load config from \"d:\\\\WORK\\\\EGIS-UKRAINA\\\\PROJECTs\\\\vac-dashboard\\\\vac-dashboard\\\\dataconnect\": could not find dataconnect.yaml in `d:\\WORK\\EGIS-UKRAINA\\PROJECTs\\vac-dashboard\\vac-dashboard\\dataconnect`\n"}}
[debug] [2025-11-26T09:31:23.501Z] E1126 11:31:23.501027   25404 watch.go:31] Failed to load config from "d:\\WORK\\EGIS-UKRAINA\\PROJECTs\\vac-dashboard\\vac-dashboard\\dataconnect": could not find dataconnect.yaml in `d:\WORK\EGIS-UKRAINA\PROJECTs\vac-dashboard\vac-dashboard\dataconnect`
E1126 11:31:23.501027   25404 watch.go:102] watchAllDir unable to walk dir `d:\WORK\EGIS-UKRAINA\PROJECTs\vac-dashboard\vac-dashboard\dataconnect`: CreateFile d:\WORK\EGIS-UKRAINA\PROJECTs\vac-dashboard\vac-dashboard\dataconnect: The system cannot find the file specified.
 {"metadata":{"emulator":{"name":"dataconnect"},"message":"E1126 11:31:23.501027   25404 watch.go:31] Failed to load config from \"d:\\\\WORK\\\\EGIS-UKRAINA\\\\PROJECTs\\\\vac-dashboard\\\\vac-dashboard\\\\dataconnect\": could not find dataconnect.yaml in `d:\\WORK\\EGIS-UKRAINA\\PROJECTs\\vac-dashboard\\vac-dashboard\\dataconnect`\nE1126 11:31:23.501027   25404 watch.go:102] watchAllDir unable to walk dir `d:\\WORK\\EGIS-UKRAINA\\PROJECTs\\vac-dashboard\\vac-dashboard\\dataconnect`: CreateFile d:\\WORK\\EGIS-UKRAINA\\PROJECTs\\vac-dashboard\\vac-dashboard\\dataconnect: The system cannot find the file specified.\n"}}
[debug] [2025-11-26T09:31:33.500Z] E1126 11:31:33.500766   25404 watch.go:31] Failed to load config from "d:\\WORK\\EGIS-UKRAINA\\PROJECTs\\vac-dashboard\\vac-dashboard\\dataconnect": could not find dataconnect.yaml in `d:\WORK\EGIS-UKRAINA\PROJECTs\vac-dashboard\vac-dashboard\dataconnect`
 {"metadata":{"emulator":{"name":"dataconnect"},"message":"E1126 11:31:33.500766   25404 watch.go:31] Failed to load config from \"d:\\\\WORK\\\\EGIS-UKRAINA\\\\PROJECTs\\\\vac-dashboard\\\\vac-dashboard\\\\dataconnect\": could not find dataconnect.yaml in `d:\\WORK\\EGIS-UKRAINA\\PROJECTs\\vac-dashboard\\vac-dashboard\\dataconnect`\n"}}
[debug] [2025-11-26T09:31:43.501Z] E1126 11:31:43.501010   25404 watch.go:31] Failed to load config from "d:\\WORK\\EGIS-UKRAINA\\PROJECTs\\vac-dashboard\\vac-dashboard\\dataconnect": could not find dataconnect.yaml in `d:\WORK\EGIS-UKRAINA\PROJECTs\vac-dashboard\vac-dashboard\dataconnect`
 {"metadata":{"emulator":{"name":"dataconnect"},"message":"E1126 11:31:43.501010   25404 watch.go:31] Failed to load config from \"d:\\\\WORK\\\\EGIS-UKRAINA\\\\PROJECTs\\\\vac-dashboard\\\\vac-dashboard\\\\dataconnect\": could not find dataconnect.yaml in `d:\\WORK\\EGIS-UKRAINA\\PROJECTs\\vac-dashboard\\vac-dashboard\\dataconnect`\n"}}
[debug] [2025-11-26T09:31:53.500Z] E1126 11:31:53.500679   25404 watch.go:31] Failed to load config from "d:\\WORK\\EGIS-UKRAINA\\PROJECTs\\vac-dashboard\\vac-dashboard\\dataconnect": could not find dataconnect.yaml in `d:\WORK\EGIS-UKRAINA\PROJECTs\vac-dashboard\vac-dashboard\dataconnect`
 {"metadata":{"emulator":{"name":"dataconnect"},"message":"E1126 11:31:53.500679   25404 watch.go:31] Failed to load config from \"d:\\\\WORK\\\\EGIS-UKRAINA\\\\PROJECTs\\\\vac-dashboard\\\\vac-dashboard\\\\dataconnect\": could not find dataconnect.yaml in `d:\\WORK\\EGIS-UKRAINA\\PROJECTs\\vac-dashboard\\vac-dashboard\\dataconnect`\n"}}
[debug] [2025-11-26T09:32:03.501Z] E1126 11:32:03.501390   25404 watch.go:31] Failed to load config from "d:\\WORK\\EGIS-UKRAINA\\PROJECTs\\vac-dashboard\\vac-dashboard\\dataconnect": could not find dataconnect.yaml in `d:\WORK\EGIS-UKRAINA\PROJECTs\vac-dashboard\vac-dashboard\dataconnect`
 {"metadata":{"emulator":{"name":"dataconnect"},"message":"E1126 11:32:03.501390   25404 watch.go:31] Failed to load config from \"d:\\\\WORK\\\\EGIS-UKRAINA\\\\PROJECTs\\\\vac-dashboard\\\\vac-dashboard\\\\dataconnect\": could not find dataconnect.yaml in `d:\\WORK\\EGIS-UKRAINA\\PROJECTs\\vac-dashboard\\vac-dashboard\\dataconnect`\n"}}
[debug] [2025-11-26T09:32:13.500Z] E1126 11:32:13.500862   25404 watch.go:31] Failed to load config from "d:\\WORK\\EGIS-UKRAINA\\PROJECTs\\vac-dashboard\\vac-dashboard\\dataconnect": could not find dataconnect.yaml in `d:\WORK\EGIS-UKRAINA\PROJECTs\vac-dashboard\vac-dashboard\dataconnect`
 {"metadata":{"emulator":{"name":"dataconnect"},"message":"E1126 11:32:13.500862   25404 watch.go:31] Failed to load config from \"d:\\\\WORK\\\\EGIS-UKRAINA\\\\PROJECTs\\\\vac-dashboard\\\\vac-dashboard\\\\dataconnect\": could not find dataconnect.yaml in `d:\\WORK\\EGIS-UKRAINA\\PROJECTs\\vac-dashboard\\vac-dashboard\\dataconnect`\n"}}
[debug] [2025-11-26T09:32:23.501Z] E1126 11:32:23.501085   25404 watch.go:31] Failed to load config from "d:\\WORK\\EGIS-UKRAINA\\PROJECTs\\vac-dashboard\\vac-dashboard\\dataconnect": could not find dataconnect.yaml in `d:\WORK\EGIS-UKRAINA\PROJECTs\vac-dashboard\vac-dashboard\dataconnect`
 {"metadata":{"emulator":{"name":"dataconnect"},"message":"E1126 11:32:23.501085   25404 watch.go:31] Failed to load config from \"d:\\\\WORK\\\\EGIS-UKRAINA\\\\PROJECTs\\\\vac-dashboard\\\\vac-dashboard\\\\dataconnect\": could not find dataconnect.yaml in `d:\\WORK\\EGIS-UKRAINA\\PROJECTs\\vac-dashboard\\vac-dashboard\\dataconnect`\n"}}
[debug] [2025-11-26T09:32:33.500Z] E1126 11:32:33.500857   25404 watch.go:31] Failed to load config from "d:\\WORK\\EGIS-UKRAINA\\PROJECTs\\vac-dashboard\\vac-dashboard\\dataconnect": could not find dataconnect.yaml in `d:\WORK\EGIS-UKRAINA\PROJECTs\vac-dashboard\vac-dashboard\dataconnect`
 {"metadata":{"emulator":{"name":"dataconnect"},"message":"E1126 11:32:33.500857   25404 watch.go:31] Failed to load config from \"d:\\\\WORK\\\\EGIS-UKRAINA\\\\PROJECTs\\\\vac-dashboard\\\\vac-dashboard\\\\dataconnect\": could not find dataconnect.yaml in `d:\\WORK\\EGIS-UKRAINA\\PROJECTs\\vac-dashboard\\vac-dashboard\\dataconnect`\n"}}
[debug] [2025-11-26T09:32:43.501Z] E1126 11:32:43.500973   25404 watch.go:31] Failed to load config from "d:\\WORK\\EGIS-UKRAINA\\PROJECTs\\vac-dashboard\\vac-dashboard\\dataconnect": could not find dataconnect.yaml in `d:\WORK\EGIS-UKRAINA\PROJECTs\vac-dashboard\vac-dashboard\dataconnect`
 {"metadata":{"emulator":{"name":"dataconnect"},"message":"E1126 11:32:43.500973   25404 watch.go:31] Failed to load config from \"d:\\\\WORK\\\\EGIS-UKRAINA\\\\PROJECTs\\\\vac-dashboard\\\\vac-dashboard\\\\dataconnect\": could not find dataconnect.yaml in `d:\\WORK\\EGIS-UKRAINA\\PROJECTs\\vac-dashboard\\vac-dashboard\\dataconnect`\n"}}
[debug] [2025-11-26T09:32:53.501Z] E1126 11:32:53.500495   25404 watch.go:31] Failed to load config from "d:\\WORK\\EGIS-UKRAINA\\PROJECTs\\vac-dashboard\\vac-dashboard\\dataconnect": could not find dataconnect.yaml in `d:\WORK\EGIS-UKRAINA\PROJECTs\vac-dashboard\vac-dashboard\dataconnect`
 {"metadata":{"emulator":{"name":"dataconnect"},"message":"E1126 11:32:53.500495   25404 watch.go:31] Failed to load config from \"d:\\\\WORK\\\\EGIS-UKRAINA\\\\PROJECTs\\\\vac-dashboard\\\\vac-dashboard\\\\dataconnect\": could not find dataconnect.yaml in `d:\\WORK\\EGIS-UKRAINA\\PROJECTs\\vac-dashboard\\vac-dashboard\\dataconnect`\n"}}
[debug] [2025-11-26T09:33:03.500Z] E1126 11:33:03.500579   25404 watch.go:31] Failed to load config from "d:\\WORK\\EGIS-UKRAINA\\PROJECTs\\vac-dashboard\\vac-dashboard\\dataconnect": could not find dataconnect.yaml in `d:\WORK\EGIS-UKRAINA\PROJECTs\vac-dashboard\vac-dashboard\dataconnect`
 {"metadata":{"emulator":{"name":"dataconnect"},"message":"E1126 11:33:03.500579   25404 watch.go:31] Failed to load config from \"d:\\\\WORK\\\\EGIS-UKRAINA\\\\PROJECTs\\\\vac-dashboard\\\\vac-dashboard\\\\dataconnect\": could not find dataconnect.yaml in `d:\\WORK\\EGIS-UKRAINA\\PROJECTs\\vac-dashboard\\vac-dashboard\\dataconnect`\n"}}
[debug] [2025-11-26T09:33:13.500Z] E1126 11:33:13.500565   25404 watch.go:31] Failed to load config from "d:\\WORK\\EGIS-UKRAINA\\PROJECTs\\vac-dashboard\\vac-dashboard\\dataconnect": could not find dataconnect.yaml in `d:\WORK\EGIS-UKRAINA\PROJECTs\vac-dashboard\vac-dashboard\dataconnect`
 {"metadata":{"emulator":{"name":"dataconnect"},"message":"E1126 11:33:13.500565   25404 watch.go:31] Failed to load config from \"d:\\\\WORK\\\\EGIS-UKRAINA\\\\PROJECTs\\\\vac-dashboard\\\\vac-dashboard\\\\dataconnect\": could not find dataconnect.yaml in `d:\\WORK\\EGIS-UKRAINA\\PROJECTs\\vac-dashboard\\vac-dashboard\\dataconnect`\n"}}
[debug] [2025-11-26T09:33:23.501Z] E1126 11:33:23.501033   25404 watch.go:31] Failed to load config from "d:\\WORK\\EGIS-UKRAINA\\PROJECTs\\vac-dashboard\\vac-dashboard\\dataconnect": could not find dataconnect.yaml in `d:\WORK\EGIS-UKRAINA\PROJECTs\vac-dashboard\vac-dashboard\dataconnect`
E1126 11:33:23.501033   25404 watch.go:102] watchAllDir unable to walk dir `d:\WORK\EGIS-UKRAINA\PROJECTs\vac-dashboard\vac-dashboard\dataconnect`: CreateFile d:\WORK\EGIS-UKRAINA\PROJECTs\vac-dashboard\vac-dashboard\dataconnect: The system cannot find the file specified.
 {"metadata":{"emulator":{"name":"dataconnect"},"message":"E1126 11:33:23.501033   25404 watch.go:31] Failed to load config from \"d:\\\\WORK\\\\EGIS-UKRAINA\\\\PROJECTs\\\\vac-dashboard\\\\vac-dashboard\\\\dataconnect\": could not find dataconnect.yaml in `d:\\WORK\\EGIS-UKRAINA\\PROJECTs\\vac-dashboard\\vac-dashboard\\dataconnect`\nE1126 11:33:23.501033   25404 watch.go:102] watchAllDir unable to walk dir `d:\\WORK\\EGIS-UKRAINA\\PROJECTs\\vac-dashboard\\vac-dashboard\\dataconnect`: CreateFile d:\\WORK\\EGIS-UKRAINA\\PROJECTs\\vac-dashboard\\vac-dashboard\\dataconnect: The system cannot find the file specified.\n"}}
[debug] [2025-11-26T09:33:33.501Z] E1126 11:33:33.501205   25404 watch.go:31] Failed to load config from "d:\\WORK\\EGIS-UKRAINA\\PROJECTs\\vac-dashboard\\vac-dashboard\\dataconnect": could not find dataconnect.yaml in `d:\WORK\EGIS-UKRAINA\PROJECTs\vac-dashboard\vac-dashboard\dataconnect`
 {"metadata":{"emulator":{"name":"dataconnect"},"message":"E1126 11:33:33.501205   25404 watch.go:31] Failed to load config from \"d:\\\\WORK\\\\EGIS-UKRAINA\\\\PROJECTs\\\\vac-dashboard\\\\vac-dashboard\\\\dataconnect\": could not find dataconnect.yaml in `d:\\WORK\\EGIS-UKRAINA\\PROJECTs\\vac-dashboard\\vac-dashboard\\dataconnect`\n"}}
[debug] [2025-11-26T09:33:36.398Z] [Firebase Plugin] Received emulators started notification. Running detection.
[debug] [2025-11-26T09:33:36.399Z] Emulator locator file path: C:\Users\User\AppData\Local\Temp\hub-vacation-dashboard-06562-e46b1.json
[debug] [2025-11-26T09:33:36.407Z] Found emulator locator with different version: {"version":"14.24.0","origins":["http://127.0.0.1:4400"]}, CLI_VERSION: 14.24.2
[debug] [2025-11-26T09:33:36.408Z] >>> [apiv2][query] GET http://127.0.0.1:4400/emulators [none]
[debug] [2025-11-26T09:33:36.433Z] <<< [apiv2][status] GET http://127.0.0.1:4400/emulators 200
[debug] [2025-11-26T09:33:36.434Z] <<< [apiv2][body] GET http://127.0.0.1:4400/emulators {"hub":{"listen":[{"address":"127.0.0.1","family":"IPv4","port":4400}],"name":"hub","host":"127.0.0.1","port":4400},"ui":{"listen":[{"address":"127.0.0.1","family":"IPv4","port":4000}],"name":"ui","host":"127.0.0.1","port":4000},"logging":{"listen":[{"address":"127.0.0.1","family":"IPv4","port":4500}],"name":"logging","host":"127.0.0.1","port":4500},"extensions":{"name":"extensions","host":"127.0.0.1","port":5001},"auth":{"listen":[{"address":"127.0.0.1","family":"IPv4","port":9099}],"name":"auth","host":"127.0.0.1","port":9099},"functions":{"name":"functions","host":"127.0.0.1","port":5001},"firestore":{"listen":[{"address":"127.0.0.1","family":"IPv4","port":8085}],"name":"firestore","host":"127.0.0.1","port":8085,"pid":3600,"reservedPorts":[9150],"webSocketHost":"127.0.0.1","webSocketPort":9150},"hosting":{"listen":[{"address":"127.0.0.1","family":"IPv4","port":5000}],"name":"hosting","host":"127.0.0.1","port":5000},"eventarc":{"name":"eventarc","host":"127.0.0.1","port":9299},"tasks":{"name":"tasks","host":"127.0.0.1","port":9499}}
[debug] [2025-11-26T09:33:43.501Z] E1126 11:33:43.501545   25404 watch.go:31] Failed to load config from "d:\\WORK\\EGIS-UKRAINA\\PROJECTs\\vac-dashboard\\vac-dashboard\\dataconnect": could not find dataconnect.yaml in `d:\WORK\EGIS-UKRAINA\PROJECTs\vac-dashboard\vac-dashboard\dataconnect`
 {"metadata":{"emulator":{"name":"dataconnect"},"message":"E1126 11:33:43.501545   25404 watch.go:31] Failed to load config from \"d:\\\\WORK\\\\EGIS-UKRAINA\\\\PROJECTs\\\\vac-dashboard\\\\vac-dashboard\\\\dataconnect\": could not find dataconnect.yaml in `d:\\WORK\\EGIS-UKRAINA\\PROJECTs\\vac-dashboard\\vac-dashboard\\dataconnect`\n"}}
[debug] [2025-11-26T09:33:53.501Z] E1126 11:33:53.500757   25404 watch.go:31] Failed to load config from "d:\\WORK\\EGIS-UKRAINA\\PROJECTs\\vac-dashboard\\vac-dashboard\\dataconnect": could not find dataconnect.yaml in `d:\WORK\EGIS-UKRAINA\PROJECTs\vac-dashboard\vac-dashboard\dataconnect`
 {"metadata":{"emulator":{"name":"dataconnect"},"message":"E1126 11:33:53.500757   25404 watch.go:31] Failed to load config from \"d:\\\\WORK\\\\EGIS-UKRAINA\\\\PROJECTs\\\\vac-dashboard\\\\vac-dashboard\\\\dataconnect\": could not find dataconnect.yaml in `d:\\WORK\\EGIS-UKRAINA\\PROJECTs\\vac-dashboard\\vac-dashboard\\dataconnect`\n"}}
[debug] [2025-11-26T09:34:03.500Z] E1126 11:34:03.500790   25404 watch.go:31] Failed to load config from "d:\\WORK\\EGIS-UKRAINA\\PROJECTs\\vac-dashboard\\vac-dashboard\\dataconnect": could not find dataconnect.yaml in `d:\WORK\EGIS-UKRAINA\PROJECTs\vac-dashboard\vac-dashboard\dataconnect`
 {"metadata":{"emulator":{"name":"dataconnect"},"message":"E1126 11:34:03.500790   25404 watch.go:31] Failed to load config from \"d:\\\\WORK\\\\EGIS-UKRAINA\\\\PROJECTs\\\\vac-dashboard\\\\vac-dashboard\\\\dataconnect\": could not find dataconnect.yaml in `d:\\WORK\\EGIS-UKRAINA\\PROJECTs\\vac-dashboard\\vac-dashboard\\dataconnect`\n"}}
[debug] [2025-11-26T09:34:13.500Z] E1126 11:34:13.500840   25404 watch.go:31] Failed to load config from "d:\\WORK\\EGIS-UKRAINA\\PROJECTs\\vac-dashboard\\vac-dashboard\\dataconnect": could not find dataconnect.yaml in `d:\WORK\EGIS-UKRAINA\PROJECTs\vac-dashboard\vac-dashboard\dataconnect`
 {"metadata":{"emulator":{"name":"dataconnect"},"message":"E1126 11:34:13.500840   25404 watch.go:31] Failed to load config from \"d:\\\\WORK\\\\EGIS-UKRAINA\\\\PROJECTs\\\\vac-dashboard\\\\vac-dashboard\\\\dataconnect\": could not find dataconnect.yaml in `d:\\WORK\\EGIS-UKRAINA\\PROJECTs\\vac-dashboard\\vac-dashboard\\dataconnect`\n"}}
[debug] [2025-11-26T09:34:23.500Z] E1126 11:34:23.500547   25404 watch.go:31] Failed to load config from "d:\\WORK\\EGIS-UKRAINA\\PROJECTs\\vac-dashboard\\vac-dashboard\\dataconnect": could not find dataconnect.yaml in `d:\WORK\EGIS-UKRAINA\PROJECTs\vac-dashboard\vac-dashboard\dataconnect`
 {"metadata":{"emulator":{"name":"dataconnect"},"message":"E1126 11:34:23.500547   25404 watch.go:31] Failed to load config from \"d:\\\\WORK\\\\EGIS-UKRAINA\\\\PROJECTs\\\\vac-dashboard\\\\vac-dashboard\\\\dataconnect\": could not find dataconnect.yaml in `d:\\WORK\\EGIS-UKRAINA\\PROJECTs\\vac-dashboard\\vac-dashboard\\dataconnect`\n"}}
[debug] [2025-11-26T09:34:33.500Z] E1126 11:34:33.500475   25404 watch.go:31] Failed to load config from "d:\\WORK\\EGIS-UKRAINA\\PROJECTs\\vac-dashboard\\vac-dashboard\\dataconnect": could not find dataconnect.yaml in `d:\WORK\EGIS-UKRAINA\PROJECTs\vac-dashboard\vac-dashboard\dataconnect`
 {"metadata":{"emulator":{"name":"dataconnect"},"message":"E1126 11:34:33.500475   25404 watch.go:31] Failed to load config from \"d:\\\\WORK\\\\EGIS-UKRAINA\\\\PROJECTs\\\\vac-dashboard\\\\vac-dashboard\\\\dataconnect\": could not find dataconnect.yaml in `d:\\WORK\\EGIS-UKRAINA\\PROJECTs\\vac-dashboard\\vac-dashboard\\dataconnect`\n"}}
[debug] [2025-11-26T09:34:43.500Z] E1126 11:34:43.500684   25404 watch.go:31] Failed to load config from "d:\\WORK\\EGIS-UKRAINA\\PROJECTs\\vac-dashboard\\vac-dashboard\\dataconnect": could not find dataconnect.yaml in `d:\WORK\EGIS-UKRAINA\PROJECTs\vac-dashboard\vac-dashboard\dataconnect`
 {"metadata":{"emulator":{"name":"dataconnect"},"message":"E1126 11:34:43.500684   25404 watch.go:31] Failed to load config from \"d:\\\\WORK\\\\EGIS-UKRAINA\\\\PROJECTs\\\\vac-dashboard\\\\vac-dashboard\\\\dataconnect\": could not find dataconnect.yaml in `d:\\WORK\\EGIS-UKRAINA\\PROJECTs\\vac-dashboard\\vac-dashboard\\dataconnect`\n"}}
[debug] [2025-11-26T09:34:53.501Z] E1126 11:34:53.501185   25404 watch.go:31] Failed to load config from "d:\\WORK\\EGIS-UKRAINA\\PROJECTs\\vac-dashboard\\vac-dashboard\\dataconnect": could not find dataconnect.yaml in `d:\WORK\EGIS-UKRAINA\PROJECTs\vac-dashboard\vac-dashboard\dataconnect`
 {"metadata":{"emulator":{"name":"dataconnect"},"message":"E1126 11:34:53.501185   25404 watch.go:31] Failed to load config from \"d:\\\\WORK\\\\EGIS-UKRAINA\\\\PROJECTs\\\\vac-dashboard\\\\vac-dashboard\\\\dataconnect\": could not find dataconnect.yaml in `d:\\WORK\\EGIS-UKRAINA\\PROJECTs\\vac-dashboard\\vac-dashboard\\dataconnect`\n"}}
[debug] [2025-11-26T09:35:03.500Z] E1126 11:35:03.500639   25404 watch.go:31] Failed to load config from "d:\\WORK\\EGIS-UKRAINA\\PROJECTs\\vac-dashboard\\vac-dashboard\\dataconnect": could not find dataconnect.yaml in `d:\WORK\EGIS-UKRAINA\PROJECTs\vac-dashboard\vac-dashboard\dataconnect`
 {"metadata":{"emulator":{"name":"dataconnect"},"message":"E1126 11:35:03.500639   25404 watch.go:31] Failed to load config from \"d:\\\\WORK\\\\EGIS-UKRAINA\\\\PROJECTs\\\\vac-dashboard\\\\vac-dashboard\\\\dataconnect\": could not find dataconnect.yaml in `d:\\WORK\\EGIS-UKRAINA\\PROJECTs\\vac-dashboard\\vac-dashboard\\dataconnect`\n"}}
[debug] [2025-11-26T09:35:13.501Z] E1126 11:35:13.500796   25404 watch.go:31] Failed to load config from "d:\\WORK\\EGIS-UKRAINA\\PROJECTs\\vac-dashboard\\vac-dashboard\\dataconnect": could not find dataconnect.yaml in `d:\WORK\EGIS-UKRAINA\PROJECTs\vac-dashboard\vac-dashboard\dataconnect`
 {"metadata":{"emulator":{"name":"dataconnect"},"message":"E1126 11:35:13.500796   25404 watch.go:31] Failed to load config from \"d:\\\\WORK\\\\EGIS-UKRAINA\\\\PROJECTs\\\\vac-dashboard\\\\vac-dashboard\\\\dataconnect\": could not find dataconnect.yaml in `d:\\WORK\\EGIS-UKRAINA\\PROJECTs\\vac-dashboard\\vac-dashboard\\dataconnect`\n"}}
[debug] [2025-11-26T09:35:23.501Z] E1126 11:35:23.501868   25404 watch.go:31] Failed to load config from "d:\\WORK\\EGIS-UKRAINA\\PROJECTs\\vac-dashboard\\vac-dashboard\\dataconnect": could not find dataconnect.yaml in `d:\WORK\EGIS-UKRAINA\PROJECTs\vac-dashboard\vac-dashboard\dataconnect`
E1126 11:35:23.501868   25404 watch.go:102] watchAllDir unable to walk dir `d:\WORK\EGIS-UKRAINA\PROJECTs\vac-dashboard\vac-dashboard\dataconnect`: CreateFile d:\WORK\EGIS-UKRAINA\PROJECTs\vac-dashboard\vac-dashboard\dataconnect: The system cannot find the file specified.
 {"metadata":{"emulator":{"name":"dataconnect"},"message":"E1126 11:35:23.501868   25404 watch.go:31] Failed to load config from \"d:\\\\WORK\\\\EGIS-UKRAINA\\\\PROJECTs\\\\vac-dashboard\\\\vac-dashboard\\\\dataconnect\": could not find dataconnect.yaml in `d:\\WORK\\EGIS-UKRAINA\\PROJECTs\\vac-dashboard\\vac-dashboard\\dataconnect`\nE1126 11:35:23.501868   25404 watch.go:102] watchAllDir unable to walk dir `d:\\WORK\\EGIS-UKRAINA\\PROJECTs\\vac-dashboard\\vac-dashboard\\dataconnect`: CreateFile d:\\WORK\\EGIS-UKRAINA\\PROJECTs\\vac-dashboard\\vac-dashboard\\dataconnect: The system cannot find the file specified.\n"}}
[debug] [2025-11-26T09:35:33.501Z] E1126 11:35:33.501501   25404 watch.go:31] Failed to load config from "d:\\WORK\\EGIS-UKRAINA\\PROJECTs\\vac-dashboard\\vac-dashboard\\dataconnect": could not find dataconnect.yaml in `d:\WORK\EGIS-UKRAINA\PROJECTs\vac-dashboard\vac-dashboard\dataconnect`
 {"metadata":{"emulator":{"name":"dataconnect"},"message":"E1126 11:35:33.501501   25404 watch.go:31] Failed to load config from \"d:\\\\WORK\\\\EGIS-UKRAINA\\\\PROJECTs\\\\vac-dashboard\\\\vac-dashboard\\\\dataconnect\": could not find dataconnect.yaml in `d:\\WORK\\EGIS-UKRAINA\\PROJECTs\\vac-dashboard\\vac-dashboard\\dataconnect`\n"}}
[debug] [2025-11-26T09:35:43.501Z] E1126 11:35:43.501246   25404 watch.go:31] Failed to load config from "d:\\WORK\\EGIS-UKRAINA\\PROJECTs\\vac-dashboard\\vac-dashboard\\dataconnect": could not find dataconnect.yaml in `d:\WORK\EGIS-UKRAINA\PROJECTs\vac-dashboard\vac-dashboard\dataconnect`
 {"metadata":{"emulator":{"name":"dataconnect"},"message":"E1126 11:35:43.501246   25404 watch.go:31] Failed to load config from \"d:\\\\WORK\\\\EGIS-UKRAINA\\\\PROJECTs\\\\vac-dashboard\\\\vac-dashboard\\\\dataconnect\": could not find dataconnect.yaml in `d:\\WORK\\EGIS-UKRAINA\\PROJECTs\\vac-dashboard\\vac-dashboard\\dataconnect`\n"}}
[debug] [2025-11-26T09:35:53.501Z] E1126 11:35:53.501090   25404 watch.go:31] Failed to load config from "d:\\WORK\\EGIS-UKRAINA\\PROJECTs\\vac-dashboard\\vac-dashboard\\dataconnect": could not find dataconnect.yaml in `d:\WORK\EGIS-UKRAINA\PROJECTs\vac-dashboard\vac-dashboard\dataconnect`
 {"metadata":{"emulator":{"name":"dataconnect"},"message":"E1126 11:35:53.501090   25404 watch.go:31] Failed to load config from \"d:\\\\WORK\\\\EGIS-UKRAINA\\\\PROJECTs\\\\vac-dashboard\\\\vac-dashboard\\\\dataconnect\": could not find dataconnect.yaml in `d:\\WORK\\EGIS-UKRAINA\\PROJECTs\\vac-dashboard\\vac-dashboard\\dataconnect`\n"}}
[debug] [2025-11-26T09:36:03.501Z] E1126 11:36:03.500958   25404 watch.go:31] Failed to load config from "d:\\WORK\\EGIS-UKRAINA\\PROJECTs\\vac-dashboard\\vac-dashboard\\dataconnect": could not find dataconnect.yaml in `d:\WORK\EGIS-UKRAINA\PROJECTs\vac-dashboard\vac-dashboard\dataconnect`
 {"metadata":{"emulator":{"name":"dataconnect"},"message":"E1126 11:36:03.500958   25404 watch.go:31] Failed to load config from \"d:\\\\WORK\\\\EGIS-UKRAINA\\\\PROJECTs\\\\vac-dashboard\\\\vac-dashboard\\\\dataconnect\": could not find dataconnect.yaml in `d:\\WORK\\EGIS-UKRAINA\\PROJECTs\\vac-dashboard\\vac-dashboard\\dataconnect`\n"}}
[debug] [2025-11-26T09:36:13.501Z] E1126 11:36:13.500719   25404 watch.go:31] Failed to load config from "d:\\WORK\\EGIS-UKRAINA\\PROJECTs\\vac-dashboard\\vac-dashboard\\dataconnect": could not find dataconnect.yaml in `d:\WORK\EGIS-UKRAINA\PROJECTs\vac-dashboard\vac-dashboard\dataconnect`
 {"metadata":{"emulator":{"name":"dataconnect"},"message":"E1126 11:36:13.500719   25404 watch.go:31] Failed to load config from \"d:\\\\WORK\\\\EGIS-UKRAINA\\\\PROJECTs\\\\vac-dashboard\\\\vac-dashboard\\\\dataconnect\": could not find dataconnect.yaml in `d:\\WORK\\EGIS-UKRAINA\\PROJECTs\\vac-dashboard\\vac-dashboard\\dataconnect`\n"}}
[debug] [2025-11-26T09:36:23.501Z] E1126 11:36:23.500720   25404 watch.go:31] Failed to load config from "d:\\WORK\\EGIS-UKRAINA\\PROJECTs\\vac-dashboard\\vac-dashboard\\dataconnect": could not find dataconnect.yaml in `d:\WORK\EGIS-UKRAINA\PROJECTs\vac-dashboard\vac-dashboard\dataconnect`
 {"metadata":{"emulator":{"name":"dataconnect"},"message":"E1126 11:36:23.500720   25404 watch.go:31] Failed to load config from \"d:\\\\WORK\\\\EGIS-UKRAINA\\\\PROJECTs\\\\vac-dashboard\\\\vac-dashboard\\\\dataconnect\": could not find dataconnect.yaml in `d:\\WORK\\EGIS-UKRAINA\\PROJECTs\\vac-dashboard\\vac-dashboard\\dataconnect`\n"}}
[debug] [2025-11-26T09:36:33.501Z] E1126 11:36:33.500802   25404 watch.go:31] Failed to load config from "d:\\WORK\\EGIS-UKRAINA\\PROJECTs\\vac-dashboard\\vac-dashboard\\dataconnect": could not find dataconnect.yaml in `d:\WORK\EGIS-UKRAINA\PROJECTs\vac-dashboard\vac-dashboard\dataconnect`
 {"metadata":{"emulator":{"name":"dataconnect"},"message":"E1126 11:36:33.500802   25404 watch.go:31] Failed to load config from \"d:\\\\WORK\\\\EGIS-UKRAINA\\\\PROJECTs\\\\vac-dashboard\\\\vac-dashboard\\\\dataconnect\": could not find dataconnect.yaml in `d:\\WORK\\EGIS-UKRAINA\\PROJECTs\\vac-dashboard\\vac-dashboard\\dataconnect`\n"}}
[debug] [2025-11-26T09:36:43.501Z] E1126 11:36:43.500674   25404 watch.go:31] Failed to load config from "d:\\WORK\\EGIS-UKRAINA\\PROJECTs\\vac-dashboard\\vac-dashboard\\dataconnect": could not find dataconnect.yaml in `d:\WORK\EGIS-UKRAINA\PROJECTs\vac-dashboard\vac-dashboard\dataconnect`
 {"metadata":{"emulator":{"name":"dataconnect"},"message":"E1126 11:36:43.500674   25404 watch.go:31] Failed to load config from \"d:\\\\WORK\\\\EGIS-UKRAINA\\\\PROJECTs\\\\vac-dashboard\\\\vac-dashboard\\\\dataconnect\": could not find dataconnect.yaml in `d:\\WORK\\EGIS-UKRAINA\\PROJECTs\\vac-dashboard\\vac-dashboard\\dataconnect`\n"}}
[debug] [2025-11-26T09:36:53.501Z] E1126 11:36:53.501309   25404 watch.go:31] Failed to load config from "d:\\WORK\\EGIS-UKRAINA\\PROJECTs\\vac-dashboard\\vac-dashboard\\dataconnect": could not find dataconnect.yaml in `d:\WORK\EGIS-UKRAINA\PROJECTs\vac-dashboard\vac-dashboard\dataconnect`
 {"metadata":{"emulator":{"name":"dataconnect"},"message":"E1126 11:36:53.501309   25404 watch.go:31] Failed to load config from \"d:\\\\WORK\\\\EGIS-UKRAINA\\\\PROJECTs\\\\vac-dashboard\\\\vac-dashboard\\\\dataconnect\": could not find dataconnect.yaml in `d:\\WORK\\EGIS-UKRAINA\\PROJECTs\\vac-dashboard\\vac-dashboard\\dataconnect`\n"}}
[debug] [2025-11-26T09:37:03.500Z] E1126 11:37:03.500805   25404 watch.go:31] Failed to load config from "d:\\WORK\\EGIS-UKRAINA\\PROJECTs\\vac-dashboard\\vac-dashboard\\dataconnect": could not find dataconnect.yaml in `d:\WORK\EGIS-UKRAINA\PROJECTs\vac-dashboard\vac-dashboard\dataconnect`
 {"metadata":{"emulator":{"name":"dataconnect"},"message":"E1126 11:37:03.500805   25404 watch.go:31] Failed to load config from \"d:\\\\WORK\\\\EGIS-UKRAINA\\\\PROJECTs\\\\vac-dashboard\\\\vac-dashboard\\\\dataconnect\": could not find dataconnect.yaml in `d:\\WORK\\EGIS-UKRAINA\\PROJECTs\\vac-dashboard\\vac-dashboard\\dataconnect`\n"}}
[debug] [2025-11-26T09:37:13.501Z] E1126 11:37:13.501295   25404 watch.go:31] Failed to load config from "d:\\WORK\\EGIS-UKRAINA\\PROJECTs\\vac-dashboard\\vac-dashboard\\dataconnect": could not find dataconnect.yaml in `d:\WORK\EGIS-UKRAINA\PROJECTs\vac-dashboard\vac-dashboard\dataconnect`
 {"metadata":{"emulator":{"name":"dataconnect"},"message":"E1126 11:37:13.501295   25404 watch.go:31] Failed to load config from \"d:\\\\WORK\\\\EGIS-UKRAINA\\\\PROJECTs\\\\vac-dashboard\\\\vac-dashboard\\\\dataconnect\": could not find dataconnect.yaml in `d:\\WORK\\EGIS-UKRAINA\\PROJECTs\\vac-dashboard\\vac-dashboard\\dataconnect`\n"}}
[debug] [2025-11-26T09:37:23.501Z] E1126 11:37:23.501072   25404 watch.go:31] Failed to load config from "d:\\WORK\\EGIS-UKRAINA\\PROJECTs\\vac-dashboard\\vac-dashboard\\dataconnect": could not find dataconnect.yaml in `d:\WORK\EGIS-UKRAINA\PROJECTs\vac-dashboard\vac-dashboard\dataconnect`
E1126 11:37:23.501072   25404 watch.go:102] watchAllDir unable to walk dir `d:\WORK\EGIS-UKRAINA\PROJECTs\vac-dashboard\vac-dashboard\dataconnect`: CreateFile d:\WORK\EGIS-UKRAINA\PROJECTs\vac-dashboard\vac-dashboard\dataconnect: The system cannot find the file specified.
 {"metadata":{"emulator":{"name":"dataconnect"},"message":"E1126 11:37:23.501072   25404 watch.go:31] Failed to load config from \"d:\\\\WORK\\\\EGIS-UKRAINA\\\\PROJECTs\\\\vac-dashboard\\\\vac-dashboard\\\\dataconnect\": could not find dataconnect.yaml in `d:\\WORK\\EGIS-UKRAINA\\PROJECTs\\vac-dashboard\\vac-dashboard\\dataconnect`\nE1126 11:37:23.501072   25404 watch.go:102] watchAllDir unable to walk dir `d:\\WORK\\EGIS-UKRAINA\\PROJECTs\\vac-dashboard\\vac-dashboard\\dataconnect`: CreateFile d:\\WORK\\EGIS-UKRAINA\\PROJECTs\\vac-dashboard\\vac-dashboard\\dataconnect: The system cannot find the file specified.\n"}}
[debug] [2025-11-26T09:37:33.501Z] E1126 11:37:33.501231   25404 watch.go:31] Failed to load config from "d:\\WORK\\EGIS-UKRAINA\\PROJECTs\\vac-dashboard\\vac-dashboard\\dataconnect": could not find dataconnect.yaml in `d:\WORK\EGIS-UKRAINA\PROJECTs\vac-dashboard\vac-dashboard\dataconnect`
 {"metadata":{"emulator":{"name":"dataconnect"},"message":"E1126 11:37:33.501231   25404 watch.go:31] Failed to load config from \"d:\\\\WORK\\\\EGIS-UKRAINA\\\\PROJECTs\\\\vac-dashboard\\\\vac-dashboard\\\\dataconnect\": could not find dataconnect.yaml in `d:\\WORK\\EGIS-UKRAINA\\PROJECTs\\vac-dashboard\\vac-dashboard\\dataconnect`\n"}}
[debug] [2025-11-26T09:37:43.500Z] E1126 11:37:43.500650   25404 watch.go:31] Failed to load config from "d:\\WORK\\EGIS-UKRAINA\\PROJECTs\\vac-dashboard\\vac-dashboard\\dataconnect": could not find dataconnect.yaml in `d:\WORK\EGIS-UKRAINA\PROJECTs\vac-dashboard\vac-dashboard\dataconnect`
 {"metadata":{"emulator":{"name":"dataconnect"},"message":"E1126 11:37:43.500650   25404 watch.go:31] Failed to load config from \"d:\\\\WORK\\\\EGIS-UKRAINA\\\\PROJECTs\\\\vac-dashboard\\\\vac-dashboard\\\\dataconnect\": could not find dataconnect.yaml in `d:\\WORK\\EGIS-UKRAINA\\PROJECTs\\vac-dashboard\\vac-dashboard\\dataconnect`\n"}}
[debug] [2025-11-26T09:37:53.501Z] E1126 11:37:53.501242   25404 watch.go:31] Failed to load config from "d:\\WORK\\EGIS-UKRAINA\\PROJECTs\\vac-dashboard\\vac-dashboard\\dataconnect": could not find dataconnect.yaml in `d:\WORK\EGIS-UKRAINA\PROJECTs\vac-dashboard\vac-dashboard\dataconnect`
 {"metadata":{"emulator":{"name":"dataconnect"},"message":"E1126 11:37:53.501242   25404 watch.go:31] Failed to load config from \"d:\\\\WORK\\\\EGIS-UKRAINA\\\\PROJECTs\\\\vac-dashboard\\\\vac-dashboard\\\\dataconnect\": could not find dataconnect.yaml in `d:\\WORK\\EGIS-UKRAINA\\PROJECTs\\vac-dashboard\\vac-dashboard\\dataconnect`\n"}}
[debug] [2025-11-26T09:38:03.501Z] E1126 11:38:03.501325   25404 watch.go:31] Failed to load config from "d:\\WORK\\EGIS-UKRAINA\\PROJECTs\\vac-dashboard\\vac-dashboard\\dataconnect": could not find dataconnect.yaml in `d:\WORK\EGIS-UKRAINA\PROJECTs\vac-dashboard\vac-dashboard\dataconnect`
 {"metadata":{"emulator":{"name":"dataconnect"},"message":"E1126 11:38:03.501325   25404 watch.go:31] Failed to load config from \"d:\\\\WORK\\\\EGIS-UKRAINA\\\\PROJECTs\\\\vac-dashboard\\\\vac-dashboard\\\\dataconnect\": could not find dataconnect.yaml in `d:\\WORK\\EGIS-UKRAINA\\PROJECTs\\vac-dashboard\\vac-dashboard\\dataconnect`\n"}}
[debug] [2025-11-26T09:38:13.501Z] E1126 11:38:13.500865   25404 watch.go:31] Failed to load config from "d:\\WORK\\EGIS-UKRAINA\\PROJECTs\\vac-dashboard\\vac-dashboard\\dataconnect": could not find dataconnect.yaml in `d:\WORK\EGIS-UKRAINA\PROJECTs\vac-dashboard\vac-dashboard\dataconnect`
 {"metadata":{"emulator":{"name":"dataconnect"},"message":"E1126 11:38:13.500865   25404 watch.go:31] Failed to load config from \"d:\\\\WORK\\\\EGIS-UKRAINA\\\\PROJECTs\\\\vac-dashboard\\\\vac-dashboard\\\\dataconnect\": could not find dataconnect.yaml in `d:\\WORK\\EGIS-UKRAINA\\PROJECTs\\vac-dashboard\\vac-dashboard\\dataconnect`\n"}}
[debug] [2025-11-26T09:38:23.501Z] E1126 11:38:23.501445   25404 watch.go:31] Failed to load config from "d:\\WORK\\EGIS-UKRAINA\\PROJECTs\\vac-dashboard\\vac-dashboard\\dataconnect": could not find dataconnect.yaml in `d:\WORK\EGIS-UKRAINA\PROJECTs\vac-dashboard\vac-dashboard\dataconnect`
 {"metadata":{"emulator":{"name":"dataconnect"},"message":"E1126 11:38:23.501445   25404 watch.go:31] Failed to load config from \"d:\\\\WORK\\\\EGIS-UKRAINA\\\\PROJECTs\\\\vac-dashboard\\\\vac-dashboard\\\\dataconnect\": could not find dataconnect.yaml in `d:\\WORK\\EGIS-UKRAINA\\PROJECTs\\vac-dashboard\\vac-dashboard\\dataconnect`\n"}}
[debug] [2025-11-26T09:38:33.501Z] E1126 11:38:33.501067   25404 watch.go:31] Failed to load config from "d:\\WORK\\EGIS-UKRAINA\\PROJECTs\\vac-dashboard\\vac-dashboard\\dataconnect": could not find dataconnect.yaml in `d:\WORK\EGIS-UKRAINA\PROJECTs\vac-dashboard\vac-dashboard\dataconnect`
 {"metadata":{"emulator":{"name":"dataconnect"},"message":"E1126 11:38:33.501067   25404 watch.go:31] Failed to load config from \"d:\\\\WORK\\\\EGIS-UKRAINA\\\\PROJECTs\\\\vac-dashboard\\\\vac-dashboard\\\\dataconnect\": could not find dataconnect.yaml in `d:\\WORK\\EGIS-UKRAINA\\PROJECTs\\vac-dashboard\\vac-dashboard\\dataconnect`\n"}}
[debug] [2025-11-26T09:38:43.501Z] E1126 11:38:43.501113   25404 watch.go:31] Failed to load config from "d:\\WORK\\EGIS-UKRAINA\\PROJECTs\\vac-dashboard\\vac-dashboard\\dataconnect": could not find dataconnect.yaml in `d:\WORK\EGIS-UKRAINA\PROJECTs\vac-dashboard\vac-dashboard\dataconnect`
 {"metadata":{"emulator":{"name":"dataconnect"},"message":"E1126 11:38:43.501113   25404 watch.go:31] Failed to load config from \"d:\\\\WORK\\\\EGIS-UKRAINA\\\\PROJECTs\\\\vac-dashboard\\\\vac-dashboard\\\\dataconnect\": could not find dataconnect.yaml in `d:\\WORK\\EGIS-UKRAINA\\PROJECTs\\vac-dashboard\\vac-dashboard\\dataconnect`\n"}}
[debug] [2025-11-26T09:38:53.501Z] E1126 11:38:53.501284   25404 watch.go:31] Failed to load config from "d:\\WORK\\EGIS-UKRAINA\\PROJECTs\\vac-dashboard\\vac-dashboard\\dataconnect": could not find dataconnect.yaml in `d:\WORK\EGIS-UKRAINA\PROJECTs\vac-dashboard\vac-dashboard\dataconnect`
 {"metadata":{"emulator":{"name":"dataconnect"},"message":"E1126 11:38:53.501284   25404 watch.go:31] Failed to load config from \"d:\\\\WORK\\\\EGIS-UKRAINA\\\\PROJECTs\\\\vac-dashboard\\\\vac-dashboard\\\\dataconnect\": could not find dataconnect.yaml in `d:\\WORK\\EGIS-UKRAINA\\PROJECTs\\vac-dashboard\\vac-dashboard\\dataconnect`\n"}}
[debug] [2025-11-26T09:39:03.501Z] E1126 11:39:03.501153   25404 watch.go:31] Failed to load config from "d:\\WORK\\EGIS-UKRAINA\\PROJECTs\\vac-dashboard\\vac-dashboard\\dataconnect": could not find dataconnect.yaml in `d:\WORK\EGIS-UKRAINA\PROJECTs\vac-dashboard\vac-dashboard\dataconnect`
 {"metadata":{"emulator":{"name":"dataconnect"},"message":"E1126 11:39:03.501153   25404 watch.go:31] Failed to load config from \"d:\\\\WORK\\\\EGIS-UKRAINA\\\\PROJECTs\\\\vac-dashboard\\\\vac-dashboard\\\\dataconnect\": could not find dataconnect.yaml in `d:\\WORK\\EGIS-UKRAINA\\PROJECTs\\vac-dashboard\\vac-dashboard\\dataconnect`\n"}}
[debug] [2025-11-26T09:39:13.501Z] E1126 11:39:13.501631   25404 watch.go:31] Failed to load config from "d:\\WORK\\EGIS-UKRAINA\\PROJECTs\\vac-dashboard\\vac-dashboard\\dataconnect": could not find dataconnect.yaml in `d:\WORK\EGIS-UKRAINA\PROJECTs\vac-dashboard\vac-dashboard\dataconnect`
 {"metadata":{"emulator":{"name":"dataconnect"},"message":"E1126 11:39:13.501631   25404 watch.go:31] Failed to load config from \"d:\\\\WORK\\\\EGIS-UKRAINA\\\\PROJECTs\\\\vac-dashboard\\\\vac-dashboard\\\\dataconnect\": could not find dataconnect.yaml in `d:\\WORK\\EGIS-UKRAINA\\PROJECTs\\vac-dashboard\\vac-dashboard\\dataconnect`\n"}}
[debug] [2025-11-26T09:39:23.500Z] E1126 11:39:23.500764   25404 watch.go:31] Failed to load config from "d:\\WORK\\EGIS-UKRAINA\\PROJECTs\\vac-dashboard\\vac-dashboard\\dataconnect": could not find dataconnect.yaml in `d:\WORK\EGIS-UKRAINA\PROJECTs\vac-dashboard\vac-dashboard\dataconnect`
E1126 11:39:23.500764   25404 watch.go:102] watchAllDir unable to walk dir `d:\WORK\EGIS-UKRAINA\PROJECTs\vac-dashboard\vac-dashboard\dataconnect`: CreateFile d:\WORK\EGIS-UKRAINA\PROJECTs\vac-dashboard\vac-dashboard\dataconnect: The system cannot find the file specified.
 {"metadata":{"emulator":{"name":"dataconnect"},"message":"E1126 11:39:23.500764   25404 watch.go:31] Failed to load config from \"d:\\\\WORK\\\\EGIS-UKRAINA\\\\PROJECTs\\\\vac-dashboard\\\\vac-dashboard\\\\dataconnect\": could not find dataconnect.yaml in `d:\\WORK\\EGIS-UKRAINA\\PROJECTs\\vac-dashboard\\vac-dashboard\\dataconnect`\nE1126 11:39:23.500764   25404 watch.go:102] watchAllDir unable to walk dir `d:\\WORK\\EGIS-UKRAINA\\PROJECTs\\vac-dashboard\\vac-dashboard\\dataconnect`: CreateFile d:\\WORK\\EGIS-UKRAINA\\PROJECTs\\vac-dashboard\\vac-dashboard\\dataconnect: The system cannot find the file specified.\n"}}
[debug] [2025-11-26T09:39:33.501Z] E1126 11:39:33.501269   25404 watch.go:31] Failed to load config from "d:\\WORK\\EGIS-UKRAINA\\PROJECTs\\vac-dashboard\\vac-dashboard\\dataconnect": could not find dataconnect.yaml in `d:\WORK\EGIS-UKRAINA\PROJECTs\vac-dashboard\vac-dashboard\dataconnect`
 {"metadata":{"emulator":{"name":"dataconnect"},"message":"E1126 11:39:33.501269   25404 watch.go:31] Failed to load config from \"d:\\\\WORK\\\\EGIS-UKRAINA\\\\PROJECTs\\\\vac-dashboard\\\\vac-dashboard\\\\dataconnect\": could not find dataconnect.yaml in `d:\\WORK\\EGIS-UKRAINA\\PROJECTs\\vac-dashboard\\vac-dashboard\\dataconnect`\n"}}
[debug] [2025-11-26T09:39:43.501Z] E1126 11:39:43.501549   25404 watch.go:31] Failed to load config from "d:\\WORK\\EGIS-UKRAINA\\PROJECTs\\vac-dashboard\\vac-dashboard\\dataconnect": could not find dataconnect.yaml in `d:\WORK\EGIS-UKRAINA\PROJECTs\vac-dashboard\vac-dashboard\dataconnect`
 {"metadata":{"emulator":{"name":"dataconnect"},"message":"E1126 11:39:43.501549   25404 watch.go:31] Failed to load config from \"d:\\\\WORK\\\\EGIS-UKRAINA\\\\PROJECTs\\\\vac-dashboard\\\\vac-dashboard\\\\dataconnect\": could not find dataconnect.yaml in `d:\\WORK\\EGIS-UKRAINA\\PROJECTs\\vac-dashboard\\vac-dashboard\\dataconnect`\n"}}
[debug] [2025-11-26T09:39:53.501Z] E1126 11:39:53.501076   25404 watch.go:31] Failed to load config from "d:\\WORK\\EGIS-UKRAINA\\PROJECTs\\vac-dashboard\\vac-dashboard\\dataconnect": could not find dataconnect.yaml in `d:\WORK\EGIS-UKRAINA\PROJECTs\vac-dashboard\vac-dashboard\dataconnect`
 {"metadata":{"emulator":{"name":"dataconnect"},"message":"E1126 11:39:53.501076   25404 watch.go:31] Failed to load config from \"d:\\\\WORK\\\\EGIS-UKRAINA\\\\PROJECTs\\\\vac-dashboard\\\\vac-dashboard\\\\dataconnect\": could not find dataconnect.yaml in `d:\\WORK\\EGIS-UKRAINA\\PROJECTs\\vac-dashboard\\vac-dashboard\\dataconnect`\n"}}
[debug] [2025-11-26T09:40:03.501Z] E1126 11:40:03.501597   25404 watch.go:31] Failed to load config from "d:\\WORK\\EGIS-UKRAINA\\PROJECTs\\vac-dashboard\\vac-dashboard\\dataconnect": could not find dataconnect.yaml in `d:\WORK\EGIS-UKRAINA\PROJECTs\vac-dashboard\vac-dashboard\dataconnect`
 {"metadata":{"emulator":{"name":"dataconnect"},"message":"E1126 11:40:03.501597   25404 watch.go:31] Failed to load config from \"d:\\\\WORK\\\\EGIS-UKRAINA\\\\PROJECTs\\\\vac-dashboard\\\\vac-dashboard\\\\dataconnect\": could not find dataconnect.yaml in `d:\\WORK\\EGIS-UKRAINA\\PROJECTs\\vac-dashboard\\vac-dashboard\\dataconnect`\n"}}
[debug] [2025-11-26T09:40:13.500Z] E1126 11:40:13.500932   25404 watch.go:31] Failed to load config from "d:\\WORK\\EGIS-UKRAINA\\PROJECTs\\vac-dashboard\\vac-dashboard\\dataconnect": could not find dataconnect.yaml in `d:\WORK\EGIS-UKRAINA\PROJECTs\vac-dashboard\vac-dashboard\dataconnect`
 {"metadata":{"emulator":{"name":"dataconnect"},"message":"E1126 11:40:13.500932   25404 watch.go:31] Failed to load config from \"d:\\\\WORK\\\\EGIS-UKRAINA\\\\PROJECTs\\\\vac-dashboard\\\\vac-dashboard\\\\dataconnect\": could not find dataconnect.yaml in `d:\\WORK\\EGIS-UKRAINA\\PROJECTs\\vac-dashboard\\vac-dashboard\\dataconnect`\n"}}
[debug] [2025-11-26T09:40:23.500Z] E1126 11:40:23.500895   25404 watch.go:31] Failed to load config from "d:\\WORK\\EGIS-UKRAINA\\PROJECTs\\vac-dashboard\\vac-dashboard\\dataconnect": could not find dataconnect.yaml in `d:\WORK\EGIS-UKRAINA\PROJECTs\vac-dashboard\vac-dashboard\dataconnect`
 {"metadata":{"emulator":{"name":"dataconnect"},"message":"E1126 11:40:23.500895   25404 watch.go:31] Failed to load config from \"d:\\\\WORK\\\\EGIS-UKRAINA\\\\PROJECTs\\\\vac-dashboard\\\\vac-dashboard\\\\dataconnect\": could not find dataconnect.yaml in `d:\\WORK\\EGIS-UKRAINA\\PROJECTs\\vac-dashboard\\vac-dashboard\\dataconnect`\n"}}
[debug] [2025-11-26T09:40:33.501Z] E1126 11:40:33.500756   25404 watch.go:31] Failed to load config from "d:\\WORK\\EGIS-UKRAINA\\PROJECTs\\vac-dashboard\\vac-dashboard\\dataconnect": could not find dataconnect.yaml in `d:\WORK\EGIS-UKRAINA\PROJECTs\vac-dashboard\vac-dashboard\dataconnect`
 {"metadata":{"emulator":{"name":"dataconnect"},"message":"E1126 11:40:33.500756   25404 watch.go:31] Failed to load config from \"d:\\\\WORK\\\\EGIS-UKRAINA\\\\PROJECTs\\\\vac-dashboard\\\\vac-dashboard\\\\dataconnect\": could not find dataconnect.yaml in `d:\\WORK\\EGIS-UKRAINA\\PROJECTs\\vac-dashboard\\vac-dashboard\\dataconnect`\n"}}
[debug] [2025-11-26T09:40:43.500Z] E1126 11:40:43.500748   25404 watch.go:31] Failed to load config from "d:\\WORK\\EGIS-UKRAINA\\PROJECTs\\vac-dashboard\\vac-dashboard\\dataconnect": could not find dataconnect.yaml in `d:\WORK\EGIS-UKRAINA\PROJECTs\vac-dashboard\vac-dashboard\dataconnect`
 {"metadata":{"emulator":{"name":"dataconnect"},"message":"E1126 11:40:43.500748   25404 watch.go:31] Failed to load config from \"d:\\\\WORK\\\\EGIS-UKRAINA\\\\PROJECTs\\\\vac-dashboard\\\\vac-dashboard\\\\dataconnect\": could not find dataconnect.yaml in `d:\\WORK\\EGIS-UKRAINA\\PROJECTs\\vac-dashboard\\vac-dashboard\\dataconnect`\n"}}
[debug] [2025-11-26T09:40:53.501Z] E1126 11:40:53.500999   25404 watch.go:31] Failed to load config from "d:\\WORK\\EGIS-UKRAINA\\PROJECTs\\vac-dashboard\\vac-dashboard\\dataconnect": could not find dataconnect.yaml in `d:\WORK\EGIS-UKRAINA\PROJECTs\vac-dashboard\vac-dashboard\dataconnect`
 {"metadata":{"emulator":{"name":"dataconnect"},"message":"E1126 11:40:53.500999   25404 watch.go:31] Failed to load config from \"d:\\\\WORK\\\\EGIS-UKRAINA\\\\PROJECTs\\\\vac-dashboard\\\\vac-dashboard\\\\dataconnect\": could not find dataconnect.yaml in `d:\\WORK\\EGIS-UKRAINA\\PROJECTs\\vac-dashboard\\vac-dashboard\\dataconnect`\n"}}
[debug] [2025-11-26T09:41:03.501Z] E1126 11:41:03.502010   25404 watch.go:31] Failed to load config from "d:\\WORK\\EGIS-UKRAINA\\PROJECTs\\vac-dashboard\\vac-dashboard\\dataconnect": could not find dataconnect.yaml in `d:\WORK\EGIS-UKRAINA\PROJECTs\vac-dashboard\vac-dashboard\dataconnect`
 {"metadata":{"emulator":{"name":"dataconnect"},"message":"E1126 11:41:03.502010   25404 watch.go:31] Failed to load config from \"d:\\\\WORK\\\\EGIS-UKRAINA\\\\PROJECTs\\\\vac-dashboard\\\\vac-dashboard\\\\dataconnect\": could not find dataconnect.yaml in `d:\\WORK\\EGIS-UKRAINA\\PROJECTs\\vac-dashboard\\vac-dashboard\\dataconnect`\n"}}
[debug] [2025-11-26T09:41:13.500Z] E1126 11:41:13.500707   25404 watch.go:31] Failed to load config from "d:\\WORK\\EGIS-UKRAINA\\PROJECTs\\vac-dashboard\\vac-dashboard\\dataconnect": could not find dataconnect.yaml in `d:\WORK\EGIS-UKRAINA\PROJECTs\vac-dashboard\vac-dashboard\dataconnect`
 {"metadata":{"emulator":{"name":"dataconnect"},"message":"E1126 11:41:13.500707   25404 watch.go:31] Failed to load config from \"d:\\\\WORK\\\\EGIS-UKRAINA\\\\PROJECTs\\\\vac-dashboard\\\\vac-dashboard\\\\dataconnect\": could not find dataconnect.yaml in `d:\\WORK\\EGIS-UKRAINA\\PROJECTs\\vac-dashboard\\vac-dashboard\\dataconnect`\n"}}
[debug] [2025-11-26T09:41:23.501Z] E1126 11:41:23.501054   25404 watch.go:31] Failed to load config from "d:\\WORK\\EGIS-UKRAINA\\PROJECTs\\vac-dashboard\\vac-dashboard\\dataconnect": could not find dataconnect.yaml in `d:\WORK\EGIS-UKRAINA\PROJECTs\vac-dashboard\vac-dashboard\dataconnect`
E1126 11:41:23.501054   25404 watch.go:102] watchAllDir unable to walk dir `d:\WORK\EGIS-UKRAINA\PROJECTs\vac-dashboard\vac-dashboard\dataconnect`: CreateFile d:\WORK\EGIS-UKRAINA\PROJECTs\vac-dashboard\vac-dashboard\dataconnect: The system cannot find the file specified.
 {"metadata":{"emulator":{"name":"dataconnect"},"message":"E1126 11:41:23.501054   25404 watch.go:31] Failed to load config from \"d:\\\\WORK\\\\EGIS-UKRAINA\\\\PROJECTs\\\\vac-dashboard\\\\vac-dashboard\\\\dataconnect\": could not find dataconnect.yaml in `d:\\WORK\\EGIS-UKRAINA\\PROJECTs\\vac-dashboard\\vac-dashboard\\dataconnect`\nE1126 11:41:23.501054   25404 watch.go:102] watchAllDir unable to walk dir `d:\\WORK\\EGIS-UKRAINA\\PROJECTs\\vac-dashboard\\vac-dashboard\\dataconnect`: CreateFile d:\\WORK\\EGIS-UKRAINA\\PROJECTs\\vac-dashboard\\vac-dashboard\\dataconnect: The system cannot find the file specified.\n"}}
[debug] [2025-11-26T09:41:33.501Z] E1126 11:41:33.501320   25404 watch.go:31] Failed to load config from "d:\\WORK\\EGIS-UKRAINA\\PROJECTs\\vac-dashboard\\vac-dashboard\\dataconnect": could not find dataconnect.yaml in `d:\WORK\EGIS-UKRAINA\PROJECTs\vac-dashboard\vac-dashboard\dataconnect`
 {"metadata":{"emulator":{"name":"dataconnect"},"message":"E1126 11:41:33.501320   25404 watch.go:31] Failed to load config from \"d:\\\\WORK\\\\EGIS-UKRAINA\\\\PROJECTs\\\\vac-dashboard\\\\vac-dashboard\\\\dataconnect\": could not find dataconnect.yaml in `d:\\WORK\\EGIS-UKRAINA\\PROJECTs\\vac-dashboard\\vac-dashboard\\dataconnect`\n"}}
[debug] [2025-11-26T09:41:43.500Z] E1126 11:41:43.500775   25404 watch.go:31] Failed to load config from "d:\\WORK\\EGIS-UKRAINA\\PROJECTs\\vac-dashboard\\vac-dashboard\\dataconnect": could not find dataconnect.yaml in `d:\WORK\EGIS-UKRAINA\PROJECTs\vac-dashboard\vac-dashboard\dataconnect`
 {"metadata":{"emulator":{"name":"dataconnect"},"message":"E1126 11:41:43.500775   25404 watch.go:31] Failed to load config from \"d:\\\\WORK\\\\EGIS-UKRAINA\\\\PROJECTs\\\\vac-dashboard\\\\vac-dashboard\\\\dataconnect\": could not find dataconnect.yaml in `d:\\WORK\\EGIS-UKRAINA\\PROJECTs\\vac-dashboard\\vac-dashboard\\dataconnect`\n"}}
[debug] [2025-11-26T09:41:53.501Z] E1126 11:41:53.501219   25404 watch.go:31] Failed to load config from "d:\\WORK\\EGIS-UKRAINA\\PROJECTs\\vac-dashboard\\vac-dashboard\\dataconnect": could not find dataconnect.yaml in `d:\WORK\EGIS-UKRAINA\PROJECTs\vac-dashboard\vac-dashboard\dataconnect`
 {"metadata":{"emulator":{"name":"dataconnect"},"message":"E1126 11:41:53.501219   25404 watch.go:31] Failed to load config from \"d:\\\\WORK\\\\EGIS-UKRAINA\\\\PROJECTs\\\\vac-dashboard\\\\vac-dashboard\\\\dataconnect\": could not find dataconnect.yaml in `d:\\WORK\\EGIS-UKRAINA\\PROJECTs\\vac-dashboard\\vac-dashboard\\dataconnect`\n"}}
[debug] [2025-11-26T09:42:03.501Z] E1126 11:42:03.501435   25404 watch.go:31] Failed to load config from "d:\\WORK\\EGIS-UKRAINA\\PROJECTs\\vac-dashboard\\vac-dashboard\\dataconnect": could not find dataconnect.yaml in `d:\WORK\EGIS-UKRAINA\PROJECTs\vac-dashboard\vac-dashboard\dataconnect`
 {"metadata":{"emulator":{"name":"dataconnect"},"message":"E1126 11:42:03.501435   25404 watch.go:31] Failed to load config from \"d:\\\\WORK\\\\EGIS-UKRAINA\\\\PROJECTs\\\\vac-dashboard\\\\vac-dashboard\\\\dataconnect\": could not find dataconnect.yaml in `d:\\WORK\\EGIS-UKRAINA\\PROJECTs\\vac-dashboard\\vac-dashboard\\dataconnect`\n"}}
[debug] [2025-11-26T09:42:13.500Z] E1126 11:42:13.500518   25404 watch.go:31] Failed to load config from "d:\\WORK\\EGIS-UKRAINA\\PROJECTs\\vac-dashboard\\vac-dashboard\\dataconnect": could not find dataconnect.yaml in `d:\WORK\EGIS-UKRAINA\PROJECTs\vac-dashboard\vac-dashboard\dataconnect`
 {"metadata":{"emulator":{"name":"dataconnect"},"message":"E1126 11:42:13.500518   25404 watch.go:31] Failed to load config from \"d:\\\\WORK\\\\EGIS-UKRAINA\\\\PROJECTs\\\\vac-dashboard\\\\vac-dashboard\\\\dataconnect\": could not find dataconnect.yaml in `d:\\WORK\\EGIS-UKRAINA\\PROJECTs\\vac-dashboard\\vac-dashboard\\dataconnect`\n"}}
[debug] [2025-11-26T09:42:23.500Z] E1126 11:42:23.501084   25404 watch.go:31] Failed to load config from "d:\\WORK\\EGIS-UKRAINA\\PROJECTs\\vac-dashboard\\vac-dashboard\\dataconnect": could not find dataconnect.yaml in `d:\WORK\EGIS-UKRAINA\PROJECTs\vac-dashboard\vac-dashboard\dataconnect`
 {"metadata":{"emulator":{"name":"dataconnect"},"message":"E1126 11:42:23.501084   25404 watch.go:31] Failed to load config from \"d:\\\\WORK\\\\EGIS-UKRAINA\\\\PROJECTs\\\\vac-dashboard\\\\vac-dashboard\\\\dataconnect\": could not find dataconnect.yaml in `d:\\WORK\\EGIS-UKRAINA\\PROJECTs\\vac-dashboard\\vac-dashboard\\dataconnect`\n"}}
[debug] [2025-11-26T09:42:33.500Z] E1126 11:42:33.501253   25404 watch.go:31] Failed to load config from "d:\\WORK\\EGIS-UKRAINA\\PROJECTs\\vac-dashboard\\vac-dashboard\\dataconnect": could not find dataconnect.yaml in `d:\WORK\EGIS-UKRAINA\PROJECTs\vac-dashboard\vac-dashboard\dataconnect`
 {"metadata":{"emulator":{"name":"dataconnect"},"message":"E1126 11:42:33.501253   25404 watch.go:31] Failed to load config from \"d:\\\\WORK\\\\EGIS-UKRAINA\\\\PROJECTs\\\\vac-dashboard\\\\vac-dashboard\\\\dataconnect\": could not find dataconnect.yaml in `d:\\WORK\\EGIS-UKRAINA\\PROJECTs\\vac-dashboard\\vac-dashboard\\dataconnect`\n"}}
[debug] [2025-11-26T09:42:43.500Z] E1126 11:42:43.500859   25404 watch.go:31] Failed to load config from "d:\\WORK\\EGIS-UKRAINA\\PROJECTs\\vac-dashboard\\vac-dashboard\\dataconnect": could not find dataconnect.yaml in `d:\WORK\EGIS-UKRAINA\PROJECTs\vac-dashboard\vac-dashboard\dataconnect`
 {"metadata":{"emulator":{"name":"dataconnect"},"message":"E1126 11:42:43.500859   25404 watch.go:31] Failed to load config from \"d:\\\\WORK\\\\EGIS-UKRAINA\\\\PROJECTs\\\\vac-dashboard\\\\vac-dashboard\\\\dataconnect\": could not find dataconnect.yaml in `d:\\WORK\\EGIS-UKRAINA\\PROJECTs\\vac-dashboard\\vac-dashboard\\dataconnect`\n"}}
[debug] [2025-11-26T09:42:53.500Z] E1126 11:42:53.500678   25404 watch.go:31] Failed to load config from "d:\\WORK\\EGIS-UKRAINA\\PROJECTs\\vac-dashboard\\vac-dashboard\\dataconnect": could not find dataconnect.yaml in `d:\WORK\EGIS-UKRAINA\PROJECTs\vac-dashboard\vac-dashboard\dataconnect`
 {"metadata":{"emulator":{"name":"dataconnect"},"message":"E1126 11:42:53.500678   25404 watch.go:31] Failed to load config from \"d:\\\\WORK\\\\EGIS-UKRAINA\\\\PROJECTs\\\\vac-dashboard\\\\vac-dashboard\\\\dataconnect\": could not find dataconnect.yaml in `d:\\WORK\\EGIS-UKRAINA\\PROJECTs\\vac-dashboard\\vac-dashboard\\dataconnect`\n"}}
[debug] [2025-11-26T09:43:03.501Z] E1126 11:43:03.501135   25404 watch.go:31] Failed to load config from "d:\\WORK\\EGIS-UKRAINA\\PROJECTs\\vac-dashboard\\vac-dashboard\\dataconnect": could not find dataconnect.yaml in `d:\WORK\EGIS-UKRAINA\PROJECTs\vac-dashboard\vac-dashboard\dataconnect`
 {"metadata":{"emulator":{"name":"dataconnect"},"message":"E1126 11:43:03.501135   25404 watch.go:31] Failed to load config from \"d:\\\\WORK\\\\EGIS-UKRAINA\\\\PROJECTs\\\\vac-dashboard\\\\vac-dashboard\\\\dataconnect\": could not find dataconnect.yaml in `d:\\WORK\\EGIS-UKRAINA\\PROJECTs\\vac-dashboard\\vac-dashboard\\dataconnect`\n"}}
[debug] [2025-11-26T09:43:13.501Z] E1126 11:43:13.501117   25404 watch.go:31] Failed to load config from "d:\\WORK\\EGIS-UKRAINA\\PROJECTs\\vac-dashboard\\vac-dashboard\\dataconnect": could not find dataconnect.yaml in `d:\WORK\EGIS-UKRAINA\PROJECTs\vac-dashboard\vac-dashboard\dataconnect`
 {"metadata":{"emulator":{"name":"dataconnect"},"message":"E1126 11:43:13.501117   25404 watch.go:31] Failed to load config from \"d:\\\\WORK\\\\EGIS-UKRAINA\\\\PROJECTs\\\\vac-dashboard\\\\vac-dashboard\\\\dataconnect\": could not find dataconnect.yaml in `d:\\WORK\\EGIS-UKRAINA\\PROJECTs\\vac-dashboard\\vac-dashboard\\dataconnect`\n"}}
[debug] [2025-11-26T09:43:23.501Z] E1126 11:43:23.500996   25404 watch.go:31] Failed to load config from "d:\\WORK\\EGIS-UKRAINA\\PROJECTs\\vac-dashboard\\vac-dashboard\\dataconnect": could not find dataconnect.yaml in `d:\WORK\EGIS-UKRAINA\PROJECTs\vac-dashboard\vac-dashboard\dataconnect`
E1126 11:43:23.500996   25404 watch.go:102] watchAllDir unable to walk dir `d:\WORK\EGIS-UKRAINA\PROJECTs\vac-dashboard\vac-dashboard\dataconnect`: CreateFile d:\WORK\EGIS-UKRAINA\PROJECTs\vac-dashboard\vac-dashboard\dataconnect: The system cannot find the file specified.
 {"metadata":{"emulator":{"name":"dataconnect"},"message":"E1126 11:43:23.500996   25404 watch.go:31] Failed to load config from \"d:\\\\WORK\\\\EGIS-UKRAINA\\\\PROJECTs\\\\vac-dashboard\\\\vac-dashboard\\\\dataconnect\": could not find dataconnect.yaml in `d:\\WORK\\EGIS-UKRAINA\\PROJECTs\\vac-dashboard\\vac-dashboard\\dataconnect`\nE1126 11:43:23.500996   25404 watch.go:102] watchAllDir unable to walk dir `d:\\WORK\\EGIS-UKRAINA\\PROJECTs\\vac-dashboard\\vac-dashboard\\dataconnect`: CreateFile d:\\WORK\\EGIS-UKRAINA\\PROJECTs\\vac-dashboard\\vac-dashboard\\dataconnect: The system cannot find the file specified.\n"}}
[debug] [2025-11-26T09:43:33.501Z] E1126 11:43:33.500794   25404 watch.go:31] Failed to load config from "d:\\WORK\\EGIS-UKRAINA\\PROJECTs\\vac-dashboard\\vac-dashboard\\dataconnect": could not find dataconnect.yaml in `d:\WORK\EGIS-UKRAINA\PROJECTs\vac-dashboard\vac-dashboard\dataconnect`
 {"metadata":{"emulator":{"name":"dataconnect"},"message":"E1126 11:43:33.500794   25404 watch.go:31] Failed to load config from \"d:\\\\WORK\\\\EGIS-UKRAINA\\\\PROJECTs\\\\vac-dashboard\\\\vac-dashboard\\\\dataconnect\": could not find dataconnect.yaml in `d:\\WORK\\EGIS-UKRAINA\\PROJECTs\\vac-dashboard\\vac-dashboard\\dataconnect`\n"}}
[debug] [2025-11-26T09:43:43.500Z] E1126 11:43:43.500641   25404 watch.go:31] Failed to load config from "d:\\WORK\\EGIS-UKRAINA\\PROJECTs\\vac-dashboard\\vac-dashboard\\dataconnect": could not find dataconnect.yaml in `d:\WORK\EGIS-UKRAINA\PROJECTs\vac-dashboard\vac-dashboard\dataconnect`
 {"metadata":{"emulator":{"name":"dataconnect"},"message":"E1126 11:43:43.500641   25404 watch.go:31] Failed to load config from \"d:\\\\WORK\\\\EGIS-UKRAINA\\\\PROJECTs\\\\vac-dashboard\\\\vac-dashboard\\\\dataconnect\": could not find dataconnect.yaml in `d:\\WORK\\EGIS-UKRAINA\\PROJECTs\\vac-dashboard\\vac-dashboard\\dataconnect`\n"}}
[debug] [2025-11-26T09:43:53.500Z] E1126 11:43:53.500745   25404 watch.go:31] Failed to load config from "d:\\WORK\\EGIS-UKRAINA\\PROJECTs\\vac-dashboard\\vac-dashboard\\dataconnect": could not find dataconnect.yaml in `d:\WORK\EGIS-UKRAINA\PROJECTs\vac-dashboard\vac-dashboard\dataconnect`
 {"metadata":{"emulator":{"name":"dataconnect"},"message":"E1126 11:43:53.500745   25404 watch.go:31] Failed to load config from \"d:\\\\WORK\\\\EGIS-UKRAINA\\\\PROJECTs\\\\vac-dashboard\\\\vac-dashboard\\\\dataconnect\": could not find dataconnect.yaml in `d:\\WORK\\EGIS-UKRAINA\\PROJECTs\\vac-dashboard\\vac-dashboard\\dataconnect`\n"}}
[debug] [2025-11-26T09:44:03.500Z] E1126 11:44:03.500919   25404 watch.go:31] Failed to load config from "d:\\WORK\\EGIS-UKRAINA\\PROJECTs\\vac-dashboard\\vac-dashboard\\dataconnect": could not find dataconnect.yaml in `d:\WORK\EGIS-UKRAINA\PROJECTs\vac-dashboard\vac-dashboard\dataconnect`
 {"metadata":{"emulator":{"name":"dataconnect"},"message":"E1126 11:44:03.500919   25404 watch.go:31] Failed to load config from \"d:\\\\WORK\\\\EGIS-UKRAINA\\\\PROJECTs\\\\vac-dashboard\\\\vac-dashboard\\\\dataconnect\": could not find dataconnect.yaml in `d:\\WORK\\EGIS-UKRAINA\\PROJECTs\\vac-dashboard\\vac-dashboard\\dataconnect`\n"}}
[debug] [2025-11-26T09:44:13.501Z] E1126 11:44:13.501295   25404 watch.go:31] Failed to load config from "d:\\WORK\\EGIS-UKRAINA\\PROJECTs\\vac-dashboard\\vac-dashboard\\dataconnect": could not find dataconnect.yaml in `d:\WORK\EGIS-UKRAINA\PROJECTs\vac-dashboard\vac-dashboard\dataconnect`
 {"metadata":{"emulator":{"name":"dataconnect"},"message":"E1126 11:44:13.501295   25404 watch.go:31] Failed to load config from \"d:\\\\WORK\\\\EGIS-UKRAINA\\\\PROJECTs\\\\vac-dashboard\\\\vac-dashboard\\\\dataconnect\": could not find dataconnect.yaml in `d:\\WORK\\EGIS-UKRAINA\\PROJECTs\\vac-dashboard\\vac-dashboard\\dataconnect`\n"}}
[debug] [2025-11-26T09:44:23.500Z] E1126 11:44:23.501160   25404 watch.go:31] Failed to load config from "d:\\WORK\\EGIS-UKRAINA\\PROJECTs\\vac-dashboard\\vac-dashboard\\dataconnect": could not find dataconnect.yaml in `d:\WORK\EGIS-UKRAINA\PROJECTs\vac-dashboard\vac-dashboard\dataconnect`
 {"metadata":{"emulator":{"name":"dataconnect"},"message":"E1126 11:44:23.501160   25404 watch.go:31] Failed to load config from \"d:\\\\WORK\\\\EGIS-UKRAINA\\\\PROJECTs\\\\vac-dashboard\\\\vac-dashboard\\\\dataconnect\": could not find dataconnect.yaml in `d:\\WORK\\EGIS-UKRAINA\\PROJECTs\\vac-dashboard\\vac-dashboard\\dataconnect`\n"}}
[debug] [2025-11-26T09:44:33.501Z] E1126 11:44:33.501433   25404 watch.go:31] Failed to load config from "d:\\WORK\\EGIS-UKRAINA\\PROJECTs\\vac-dashboard\\vac-dashboard\\dataconnect": could not find dataconnect.yaml in `d:\WORK\EGIS-UKRAINA\PROJECTs\vac-dashboard\vac-dashboard\dataconnect`
 {"metadata":{"emulator":{"name":"dataconnect"},"message":"E1126 11:44:33.501433   25404 watch.go:31] Failed to load config from \"d:\\\\WORK\\\\EGIS-UKRAINA\\\\PROJECTs\\\\vac-dashboard\\\\vac-dashboard\\\\dataconnect\": could not find dataconnect.yaml in `d:\\WORK\\EGIS-UKRAINA\\PROJECTs\\vac-dashboard\\vac-dashboard\\dataconnect`\n"}}
[debug] [2025-11-26T09:44:43.501Z] E1126 11:44:43.501110   25404 watch.go:31] Failed to load config from "d:\\WORK\\EGIS-UKRAINA\\PROJECTs\\vac-dashboard\\vac-dashboard\\dataconnect": could not find dataconnect.yaml in `d:\WORK\EGIS-UKRAINA\PROJECTs\vac-dashboard\vac-dashboard\dataconnect`
 {"metadata":{"emulator":{"name":"dataconnect"},"message":"E1126 11:44:43.501110   25404 watch.go:31] Failed to load config from \"d:\\\\WORK\\\\EGIS-UKRAINA\\\\PROJECTs\\\\vac-dashboard\\\\vac-dashboard\\\\dataconnect\": could not find dataconnect.yaml in `d:\\WORK\\EGIS-UKRAINA\\PROJECTs\\vac-dashboard\\vac-dashboard\\dataconnect`\n"}}
[debug] [2025-11-26T09:44:53.500Z] E1126 11:44:53.500852   25404 watch.go:31] Failed to load config from "d:\\WORK\\EGIS-UKRAINA\\PROJECTs\\vac-dashboard\\vac-dashboard\\dataconnect": could not find dataconnect.yaml in `d:\WORK\EGIS-UKRAINA\PROJECTs\vac-dashboard\vac-dashboard\dataconnect`
 {"metadata":{"emulator":{"name":"dataconnect"},"message":"E1126 11:44:53.500852   25404 watch.go:31] Failed to load config from \"d:\\\\WORK\\\\EGIS-UKRAINA\\\\PROJECTs\\\\vac-dashboard\\\\vac-dashboard\\\\dataconnect\": could not find dataconnect.yaml in `d:\\WORK\\EGIS-UKRAINA\\PROJECTs\\vac-dashboard\\vac-dashboard\\dataconnect`\n"}}
[debug] [2025-11-26T09:45:03.500Z] E1126 11:45:03.500826   25404 watch.go:31] Failed to load config from "d:\\WORK\\EGIS-UKRAINA\\PROJECTs\\vac-dashboard\\vac-dashboard\\dataconnect": could not find dataconnect.yaml in `d:\WORK\EGIS-UKRAINA\PROJECTs\vac-dashboard\vac-dashboard\dataconnect`
 {"metadata":{"emulator":{"name":"dataconnect"},"message":"E1126 11:45:03.500826   25404 watch.go:31] Failed to load config from \"d:\\\\WORK\\\\EGIS-UKRAINA\\\\PROJECTs\\\\vac-dashboard\\\\vac-dashboard\\\\dataconnect\": could not find dataconnect.yaml in `d:\\WORK\\EGIS-UKRAINA\\PROJECTs\\vac-dashboard\\vac-dashboard\\dataconnect`\n"}}
[debug] [2025-11-26T09:45:13.500Z] E1126 11:45:13.500919   25404 watch.go:31] Failed to load config from "d:\\WORK\\EGIS-UKRAINA\\PROJECTs\\vac-dashboard\\vac-dashboard\\dataconnect": could not find dataconnect.yaml in `d:\WORK\EGIS-UKRAINA\PROJECTs\vac-dashboard\vac-dashboard\dataconnect`
 {"metadata":{"emulator":{"name":"dataconnect"},"message":"E1126 11:45:13.500919   25404 watch.go:31] Failed to load config from \"d:\\\\WORK\\\\EGIS-UKRAINA\\\\PROJECTs\\\\vac-dashboard\\\\vac-dashboard\\\\dataconnect\": could not find dataconnect.yaml in `d:\\WORK\\EGIS-UKRAINA\\PROJECTs\\vac-dashboard\\vac-dashboard\\dataconnect`\n"}}
[debug] [2025-11-26T09:45:23.501Z] E1126 11:45:23.501094   25404 watch.go:31] Failed to load config from "d:\\WORK\\EGIS-UKRAINA\\PROJECTs\\vac-dashboard\\vac-dashboard\\dataconnect": could not find dataconnect.yaml in `d:\WORK\EGIS-UKRAINA\PROJECTs\vac-dashboard\vac-dashboard\dataconnect`
E1126 11:45:23.501094   25404 watch.go:102] watchAllDir unable to walk dir `d:\WORK\EGIS-UKRAINA\PROJECTs\vac-dashboard\vac-dashboard\dataconnect`: CreateFile d:\WORK\EGIS-UKRAINA\PROJECTs\vac-dashboard\vac-dashboard\dataconnect: The system cannot find the file specified.
 {"metadata":{"emulator":{"name":"dataconnect"},"message":"E1126 11:45:23.501094   25404 watch.go:31] Failed to load config from \"d:\\\\WORK\\\\EGIS-UKRAINA\\\\PROJECTs\\\\vac-dashboard\\\\vac-dashboard\\\\dataconnect\": could not find dataconnect.yaml in `d:\\WORK\\EGIS-UKRAINA\\PROJECTs\\vac-dashboard\\vac-dashboard\\dataconnect`\nE1126 11:45:23.501094   25404 watch.go:102] watchAllDir unable to walk dir `d:\\WORK\\EGIS-UKRAINA\\PROJECTs\\vac-dashboard\\vac-dashboard\\dataconnect`: CreateFile d:\\WORK\\EGIS-UKRAINA\\PROJECTs\\vac-dashboard\\vac-dashboard\\dataconnect: The system cannot find the file specified.\n"}}
[debug] [2025-11-26T09:45:33.501Z] E1126 11:45:33.501471   25404 watch.go:31] Failed to load config from "d:\\WORK\\EGIS-UKRAINA\\PROJECTs\\vac-dashboard\\vac-dashboard\\dataconnect": could not find dataconnect.yaml in `d:\WORK\EGIS-UKRAINA\PROJECTs\vac-dashboard\vac-dashboard\dataconnect`
 {"metadata":{"emulator":{"name":"dataconnect"},"message":"E1126 11:45:33.501471   25404 watch.go:31] Failed to load config from \"d:\\\\WORK\\\\EGIS-UKRAINA\\\\PROJECTs\\\\vac-dashboard\\\\vac-dashboard\\\\dataconnect\": could not find dataconnect.yaml in `d:\\WORK\\EGIS-UKRAINA\\PROJECTs\\vac-dashboard\\vac-dashboard\\dataconnect`\n"}}
[debug] [2025-11-26T09:45:43.502Z] E1126 11:45:43.502403   25404 watch.go:31] Failed to load config from "d:\\WORK\\EGIS-UKRAINA\\PROJECTs\\vac-dashboard\\vac-dashboard\\dataconnect": could not find dataconnect.yaml in `d:\WORK\EGIS-UKRAINA\PROJECTs\vac-dashboard\vac-dashboard\dataconnect`
 {"metadata":{"emulator":{"name":"dataconnect"},"message":"E1126 11:45:43.502403   25404 watch.go:31] Failed to load config from \"d:\\\\WORK\\\\EGIS-UKRAINA\\\\PROJECTs\\\\vac-dashboard\\\\vac-dashboard\\\\dataconnect\": could not find dataconnect.yaml in `d:\\WORK\\EGIS-UKRAINA\\PROJECTs\\vac-dashboard\\vac-dashboard\\dataconnect`\n"}}
[debug] [2025-11-26T09:45:53.500Z] E1126 11:45:53.500872   25404 watch.go:31] Failed to load config from "d:\\WORK\\EGIS-UKRAINA\\PROJECTs\\vac-dashboard\\vac-dashboard\\dataconnect": could not find dataconnect.yaml in `d:\WORK\EGIS-UKRAINA\PROJECTs\vac-dashboard\vac-dashboard\dataconnect`
 {"metadata":{"emulator":{"name":"dataconnect"},"message":"E1126 11:45:53.500872   25404 watch.go:31] Failed to load config from \"d:\\\\WORK\\\\EGIS-UKRAINA\\\\PROJECTs\\\\vac-dashboard\\\\vac-dashboard\\\\dataconnect\": could not find dataconnect.yaml in `d:\\WORK\\EGIS-UKRAINA\\PROJECTs\\vac-dashboard\\vac-dashboard\\dataconnect`\n"}}
[debug] [2025-11-26T09:46:03.501Z] E1126 11:46:03.501472   25404 watch.go:31] Failed to load config from "d:\\WORK\\EGIS-UKRAINA\\PROJECTs\\vac-dashboard\\vac-dashboard\\dataconnect": could not find dataconnect.yaml in `d:\WORK\EGIS-UKRAINA\PROJECTs\vac-dashboard\vac-dashboard\dataconnect`
 {"metadata":{"emulator":{"name":"dataconnect"},"message":"E1126 11:46:03.501472   25404 watch.go:31] Failed to load config from \"d:\\\\WORK\\\\EGIS-UKRAINA\\\\PROJECTs\\\\vac-dashboard\\\\vac-dashboard\\\\dataconnect\": could not find dataconnect.yaml in `d:\\WORK\\EGIS-UKRAINA\\PROJECTs\\vac-dashboard\\vac-dashboard\\dataconnect`\n"}}
[debug] [2025-11-26T09:46:13.501Z] E1126 11:46:13.501373   25404 watch.go:31] Failed to load config from "d:\\WORK\\EGIS-UKRAINA\\PROJECTs\\vac-dashboard\\vac-dashboard\\dataconnect": could not find dataconnect.yaml in `d:\WORK\EGIS-UKRAINA\PROJECTs\vac-dashboard\vac-dashboard\dataconnect`
 {"metadata":{"emulator":{"name":"dataconnect"},"message":"E1126 11:46:13.501373   25404 watch.go:31] Failed to load config from \"d:\\\\WORK\\\\EGIS-UKRAINA\\\\PROJECTs\\\\vac-dashboard\\\\vac-dashboard\\\\dataconnect\": could not find dataconnect.yaml in `d:\\WORK\\EGIS-UKRAINA\\PROJECTs\\vac-dashboard\\vac-dashboard\\dataconnect`\n"}}
[debug] [2025-11-26T09:46:23.500Z] E1126 11:46:23.501181   25404 watch.go:31] Failed to load config from "d:\\WORK\\EGIS-UKRAINA\\PROJECTs\\vac-dashboard\\vac-dashboard\\dataconnect": could not find dataconnect.yaml in `d:\WORK\EGIS-UKRAINA\PROJECTs\vac-dashboard\vac-dashboard\dataconnect`
 {"metadata":{"emulator":{"name":"dataconnect"},"message":"E1126 11:46:23.501181   25404 watch.go:31] Failed to load config from \"d:\\\\WORK\\\\EGIS-UKRAINA\\\\PROJECTs\\\\vac-dashboard\\\\vac-dashboard\\\\dataconnect\": could not find dataconnect.yaml in `d:\\WORK\\EGIS-UKRAINA\\PROJECTs\\vac-dashboard\\vac-dashboard\\dataconnect`\n"}}
[debug] [2025-11-26T09:46:33.500Z] E1126 11:46:33.500868   25404 watch.go:31] Failed to load config from "d:\\WORK\\EGIS-UKRAINA\\PROJECTs\\vac-dashboard\\vac-dashboard\\dataconnect": could not find dataconnect.yaml in `d:\WORK\EGIS-UKRAINA\PROJECTs\vac-dashboard\vac-dashboard\dataconnect`
 {"metadata":{"emulator":{"name":"dataconnect"},"message":"E1126 11:46:33.500868   25404 watch.go:31] Failed to load config from \"d:\\\\WORK\\\\EGIS-UKRAINA\\\\PROJECTs\\\\vac-dashboard\\\\vac-dashboard\\\\dataconnect\": could not find dataconnect.yaml in `d:\\WORK\\EGIS-UKRAINA\\PROJECTs\\vac-dashboard\\vac-dashboard\\dataconnect`\n"}}
[debug] [2025-11-26T09:46:43.500Z] E1126 11:46:43.500659   25404 watch.go:31] Failed to load config from "d:\\WORK\\EGIS-UKRAINA\\PROJECTs\\vac-dashboard\\vac-dashboard\\dataconnect": could not find dataconnect.yaml in `d:\WORK\EGIS-UKRAINA\PROJECTs\vac-dashboard\vac-dashboard\dataconnect`
 {"metadata":{"emulator":{"name":"dataconnect"},"message":"E1126 11:46:43.500659   25404 watch.go:31] Failed to load config from \"d:\\\\WORK\\\\EGIS-UKRAINA\\\\PROJECTs\\\\vac-dashboard\\\\vac-dashboard\\\\dataconnect\": could not find dataconnect.yaml in `d:\\WORK\\EGIS-UKRAINA\\PROJECTs\\vac-dashboard\\vac-dashboard\\dataconnect`\n"}}
[debug] [2025-11-26T09:46:53.500Z] E1126 11:46:53.500783   25404 watch.go:31] Failed to load config from "d:\\WORK\\EGIS-UKRAINA\\PROJECTs\\vac-dashboard\\vac-dashboard\\dataconnect": could not find dataconnect.yaml in `d:\WORK\EGIS-UKRAINA\PROJECTs\vac-dashboard\vac-dashboard\dataconnect`
 {"metadata":{"emulator":{"name":"dataconnect"},"message":"E1126 11:46:53.500783   25404 watch.go:31] Failed to load config from \"d:\\\\WORK\\\\EGIS-UKRAINA\\\\PROJECTs\\\\vac-dashboard\\\\vac-dashboard\\\\dataconnect\": could not find dataconnect.yaml in `d:\\WORK\\EGIS-UKRAINA\\PROJECTs\\vac-dashboard\\vac-dashboard\\dataconnect`\n"}}
[debug] [2025-11-26T09:47:03.501Z] E1126 11:47:03.500918   25404 watch.go:31] Failed to load config from "d:\\WORK\\EGIS-UKRAINA\\PROJECTs\\vac-dashboard\\vac-dashboard\\dataconnect": could not find dataconnect.yaml in `d:\WORK\EGIS-UKRAINA\PROJECTs\vac-dashboard\vac-dashboard\dataconnect`
 {"metadata":{"emulator":{"name":"dataconnect"},"message":"E1126 11:47:03.500918   25404 watch.go:31] Failed to load config from \"d:\\\\WORK\\\\EGIS-UKRAINA\\\\PROJECTs\\\\vac-dashboard\\\\vac-dashboard\\\\dataconnect\": could not find dataconnect.yaml in `d:\\WORK\\EGIS-UKRAINA\\PROJECTs\\vac-dashboard\\vac-dashboard\\dataconnect`\n"}}
[debug] [2025-11-26T09:47:13.501Z] E1126 11:47:13.500902   25404 watch.go:31] Failed to load config from "d:\\WORK\\EGIS-UKRAINA\\PROJECTs\\vac-dashboard\\vac-dashboard\\dataconnect": could not find dataconnect.yaml in `d:\WORK\EGIS-UKRAINA\PROJECTs\vac-dashboard\vac-dashboard\dataconnect`
 {"metadata":{"emulator":{"name":"dataconnect"},"message":"E1126 11:47:13.500902   25404 watch.go:31] Failed to load config from \"d:\\\\WORK\\\\EGIS-UKRAINA\\\\PROJECTs\\\\vac-dashboard\\\\vac-dashboard\\\\dataconnect\": could not find dataconnect.yaml in `d:\\WORK\\EGIS-UKRAINA\\PROJECTs\\vac-dashboard\\vac-dashboard\\dataconnect`\n"}}
[debug] [2025-11-26T09:47:23.501Z] E1126 11:47:23.500895   25404 watch.go:31] Failed to load config from "d:\\WORK\\EGIS-UKRAINA\\PROJECTs\\vac-dashboard\\vac-dashboard\\dataconnect": could not find dataconnect.yaml in `d:\WORK\EGIS-UKRAINA\PROJECTs\vac-dashboard\vac-dashboard\dataconnect`
E1126 11:47:23.500895   25404 watch.go:102] watchAllDir unable to walk dir `d:\WORK\EGIS-UKRAINA\PROJECTs\vac-dashboard\vac-dashboard\dataconnect`: CreateFile d:\WORK\EGIS-UKRAINA\PROJECTs\vac-dashboard\vac-dashboard\dataconnect: The system cannot find the file specified.
 {"metadata":{"emulator":{"name":"dataconnect"},"message":"E1126 11:47:23.500895   25404 watch.go:31] Failed to load config from \"d:\\\\WORK\\\\EGIS-UKRAINA\\\\PROJECTs\\\\vac-dashboard\\\\vac-dashboard\\\\dataconnect\": could not find dataconnect.yaml in `d:\\WORK\\EGIS-UKRAINA\\PROJECTs\\vac-dashboard\\vac-dashboard\\dataconnect`\nE1126 11:47:23.500895   25404 watch.go:102] watchAllDir unable to walk dir `d:\\WORK\\EGIS-UKRAINA\\PROJECTs\\vac-dashboard\\vac-dashboard\\dataconnect`: CreateFile d:\\WORK\\EGIS-UKRAINA\\PROJECTs\\vac-dashboard\\vac-dashboard\\dataconnect: The system cannot find the file specified.\n"}}
[debug] [2025-11-26T09:47:33.501Z] E1126 11:47:33.501348   25404 watch.go:31] Failed to load config from "d:\\WORK\\EGIS-UKRAINA\\PROJECTs\\vac-dashboard\\vac-dashboard\\dataconnect": could not find dataconnect.yaml in `d:\WORK\EGIS-UKRAINA\PROJECTs\vac-dashboard\vac-dashboard\dataconnect`
 {"metadata":{"emulator":{"name":"dataconnect"},"message":"E1126 11:47:33.501348   25404 watch.go:31] Failed to load config from \"d:\\\\WORK\\\\EGIS-UKRAINA\\\\PROJECTs\\\\vac-dashboard\\\\vac-dashboard\\\\dataconnect\": could not find dataconnect.yaml in `d:\\WORK\\EGIS-UKRAINA\\PROJECTs\\vac-dashboard\\vac-dashboard\\dataconnect`\n"}}
[debug] [2025-11-26T09:47:43.501Z] E1126 11:47:43.500997   25404 watch.go:31] Failed to load config from "d:\\WORK\\EGIS-UKRAINA\\PROJECTs\\vac-dashboard\\vac-dashboard\\dataconnect": could not find dataconnect.yaml in `d:\WORK\EGIS-UKRAINA\PROJECTs\vac-dashboard\vac-dashboard\dataconnect`
 {"metadata":{"emulator":{"name":"dataconnect"},"message":"E1126 11:47:43.500997   25404 watch.go:31] Failed to load config from \"d:\\\\WORK\\\\EGIS-UKRAINA\\\\PROJECTs\\\\vac-dashboard\\\\vac-dashboard\\\\dataconnect\": could not find dataconnect.yaml in `d:\\WORK\\EGIS-UKRAINA\\PROJECTs\\vac-dashboard\\vac-dashboard\\dataconnect`\n"}}
[debug] [2025-11-26T09:47:53.500Z] E1126 11:47:53.500762   25404 watch.go:31] Failed to load config from "d:\\WORK\\EGIS-UKRAINA\\PROJECTs\\vac-dashboard\\vac-dashboard\\dataconnect": could not find dataconnect.yaml in `d:\WORK\EGIS-UKRAINA\PROJECTs\vac-dashboard\vac-dashboard\dataconnect`
 {"metadata":{"emulator":{"name":"dataconnect"},"message":"E1126 11:47:53.500762   25404 watch.go:31] Failed to load config from \"d:\\\\WORK\\\\EGIS-UKRAINA\\\\PROJECTs\\\\vac-dashboard\\\\vac-dashboard\\\\dataconnect\": could not find dataconnect.yaml in `d:\\WORK\\EGIS-UKRAINA\\PROJECTs\\vac-dashboard\\vac-dashboard\\dataconnect`\n"}}
[debug] [2025-11-26T09:48:03.501Z] E1126 11:48:03.500833   25404 watch.go:31] Failed to load config from "d:\\WORK\\EGIS-UKRAINA\\PROJECTs\\vac-dashboard\\vac-dashboard\\dataconnect": could not find dataconnect.yaml in `d:\WORK\EGIS-UKRAINA\PROJECTs\vac-dashboard\vac-dashboard\dataconnect`
 {"metadata":{"emulator":{"name":"dataconnect"},"message":"E1126 11:48:03.500833   25404 watch.go:31] Failed to load config from \"d:\\\\WORK\\\\EGIS-UKRAINA\\\\PROJECTs\\\\vac-dashboard\\\\vac-dashboard\\\\dataconnect\": could not find dataconnect.yaml in `d:\\WORK\\EGIS-UKRAINA\\PROJECTs\\vac-dashboard\\vac-dashboard\\dataconnect`\n"}}
[debug] [2025-11-26T09:48:13.501Z] E1126 11:48:13.501088   25404 watch.go:31] Failed to load config from "d:\\WORK\\EGIS-UKRAINA\\PROJECTs\\vac-dashboard\\vac-dashboard\\dataconnect": could not find dataconnect.yaml in `d:\WORK\EGIS-UKRAINA\PROJECTs\vac-dashboard\vac-dashboard\dataconnect`
 {"metadata":{"emulator":{"name":"dataconnect"},"message":"E1126 11:48:13.501088   25404 watch.go:31] Failed to load config from \"d:\\\\WORK\\\\EGIS-UKRAINA\\\\PROJECTs\\\\vac-dashboard\\\\vac-dashboard\\\\dataconnect\": could not find dataconnect.yaml in `d:\\WORK\\EGIS-UKRAINA\\PROJECTs\\vac-dashboard\\vac-dashboard\\dataconnect`\n"}}
[debug] [2025-11-26T09:48:23.501Z] E1126 11:48:23.501045   25404 watch.go:31] Failed to load config from "d:\\WORK\\EGIS-UKRAINA\\PROJECTs\\vac-dashboard\\vac-dashboard\\dataconnect": could not find dataconnect.yaml in `d:\WORK\EGIS-UKRAINA\PROJECTs\vac-dashboard\vac-dashboard\dataconnect`
 {"metadata":{"emulator":{"name":"dataconnect"},"message":"E1126 11:48:23.501045   25404 watch.go:31] Failed to load config from \"d:\\\\WORK\\\\EGIS-UKRAINA\\\\PROJECTs\\\\vac-dashboard\\\\vac-dashboard\\\\dataconnect\": could not find dataconnect.yaml in `d:\\WORK\\EGIS-UKRAINA\\PROJECTs\\vac-dashboard\\vac-dashboard\\dataconnect`\n"}}
[debug] [2025-11-26T09:48:33.501Z] E1126 11:48:33.501203   25404 watch.go:31] Failed to load config from "d:\\WORK\\EGIS-UKRAINA\\PROJECTs\\vac-dashboard\\vac-dashboard\\dataconnect": could not find dataconnect.yaml in `d:\WORK\EGIS-UKRAINA\PROJECTs\vac-dashboard\vac-dashboard\dataconnect`
 {"metadata":{"emulator":{"name":"dataconnect"},"message":"E1126 11:48:33.501203   25404 watch.go:31] Failed to load config from \"d:\\\\WORK\\\\EGIS-UKRAINA\\\\PROJECTs\\\\vac-dashboard\\\\vac-dashboard\\\\dataconnect\": could not find dataconnect.yaml in `d:\\WORK\\EGIS-UKRAINA\\PROJECTs\\vac-dashboard\\vac-dashboard\\dataconnect`\n"}}
[debug] [2025-11-26T09:48:43.500Z] E1126 11:48:43.500842   25404 watch.go:31] Failed to load config from "d:\\WORK\\EGIS-UKRAINA\\PROJECTs\\vac-dashboard\\vac-dashboard\\dataconnect": could not find dataconnect.yaml in `d:\WORK\EGIS-UKRAINA\PROJECTs\vac-dashboard\vac-dashboard\dataconnect`
 {"metadata":{"emulator":{"name":"dataconnect"},"message":"E1126 11:48:43.500842   25404 watch.go:31] Failed to load config from \"d:\\\\WORK\\\\EGIS-UKRAINA\\\\PROJECTs\\\\vac-dashboard\\\\vac-dashboard\\\\dataconnect\": could not find dataconnect.yaml in `d:\\WORK\\EGIS-UKRAINA\\PROJECTs\\vac-dashboard\\vac-dashboard\\dataconnect`\n"}}
[debug] [2025-11-26T09:48:53.500Z] E1126 11:48:53.500811   25404 watch.go:31] Failed to load config from "d:\\WORK\\EGIS-UKRAINA\\PROJECTs\\vac-dashboard\\vac-dashboard\\dataconnect": could not find dataconnect.yaml in `d:\WORK\EGIS-UKRAINA\PROJECTs\vac-dashboard\vac-dashboard\dataconnect`
 {"metadata":{"emulator":{"name":"dataconnect"},"message":"E1126 11:48:53.500811   25404 watch.go:31] Failed to load config from \"d:\\\\WORK\\\\EGIS-UKRAINA\\\\PROJECTs\\\\vac-dashboard\\\\vac-dashboard\\\\dataconnect\": could not find dataconnect.yaml in `d:\\WORK\\EGIS-UKRAINA\\PROJECTs\\vac-dashboard\\vac-dashboard\\dataconnect`\n"}}
[debug] [2025-11-26T09:49:03.500Z] E1126 11:49:03.500691   25404 watch.go:31] Failed to load config from "d:\\WORK\\EGIS-UKRAINA\\PROJECTs\\vac-dashboard\\vac-dashboard\\dataconnect": could not find dataconnect.yaml in `d:\WORK\EGIS-UKRAINA\PROJECTs\vac-dashboard\vac-dashboard\dataconnect`
 {"metadata":{"emulator":{"name":"dataconnect"},"message":"E1126 11:49:03.500691   25404 watch.go:31] Failed to load config from \"d:\\\\WORK\\\\EGIS-UKRAINA\\\\PROJECTs\\\\vac-dashboard\\\\vac-dashboard\\\\dataconnect\": could not find dataconnect.yaml in `d:\\WORK\\EGIS-UKRAINA\\PROJECTs\\vac-dashboard\\vac-dashboard\\dataconnect`\n"}}
[debug] [2025-11-26T09:49:13.500Z] E1126 11:49:13.500635   25404 watch.go:31] Failed to load config from "d:\\WORK\\EGIS-UKRAINA\\PROJECTs\\vac-dashboard\\vac-dashboard\\dataconnect": could not find dataconnect.yaml in `d:\WORK\EGIS-UKRAINA\PROJECTs\vac-dashboard\vac-dashboard\dataconnect`
 {"metadata":{"emulator":{"name":"dataconnect"},"message":"E1126 11:49:13.500635   25404 watch.go:31] Failed to load config from \"d:\\\\WORK\\\\EGIS-UKRAINA\\\\PROJECTs\\\\vac-dashboard\\\\vac-dashboard\\\\dataconnect\": could not find dataconnect.yaml in `d:\\WORK\\EGIS-UKRAINA\\PROJECTs\\vac-dashboard\\vac-dashboard\\dataconnect`\n"}}
[debug] [2025-11-26T09:49:23.500Z] E1126 11:49:23.500900   25404 watch.go:31] Failed to load config from "d:\\WORK\\EGIS-UKRAINA\\PROJECTs\\vac-dashboard\\vac-dashboard\\dataconnect": could not find dataconnect.yaml in `d:\WORK\EGIS-UKRAINA\PROJECTs\vac-dashboard\vac-dashboard\dataconnect`
E1126 11:49:23.500900   25404 watch.go:102] watchAllDir unable to walk dir `d:\WORK\EGIS-UKRAINA\PROJECTs\vac-dashboard\vac-dashboard\dataconnect`: CreateFile d:\WORK\EGIS-UKRAINA\PROJECTs\vac-dashboard\vac-dashboard\dataconnect: The system cannot find the file specified.
 {"metadata":{"emulator":{"name":"dataconnect"},"message":"E1126 11:49:23.500900   25404 watch.go:31] Failed to load config from \"d:\\\\WORK\\\\EGIS-UKRAINA\\\\PROJECTs\\\\vac-dashboard\\\\vac-dashboard\\\\dataconnect\": could not find dataconnect.yaml in `d:\\WORK\\EGIS-UKRAINA\\PROJECTs\\vac-dashboard\\vac-dashboard\\dataconnect`\nE1126 11:49:23.500900   25404 watch.go:102] watchAllDir unable to walk dir `d:\\WORK\\EGIS-UKRAINA\\PROJECTs\\vac-dashboard\\vac-dashboard\\dataconnect`: CreateFile d:\\WORK\\EGIS-UKRAINA\\PROJECTs\\vac-dashboard\\vac-dashboard\\dataconnect: The system cannot find the file specified.\n"}}
[debug] [2025-11-26T09:49:33.500Z] E1126 11:49:33.500590   25404 watch.go:31] Failed to load config from "d:\\WORK\\EGIS-UKRAINA\\PROJECTs\\vac-dashboard\\vac-dashboard\\dataconnect": could not find dataconnect.yaml in `d:\WORK\EGIS-UKRAINA\PROJECTs\vac-dashboard\vac-dashboard\dataconnect`
 {"metadata":{"emulator":{"name":"dataconnect"},"message":"E1126 11:49:33.500590   25404 watch.go:31] Failed to load config from \"d:\\\\WORK\\\\EGIS-UKRAINA\\\\PROJECTs\\\\vac-dashboard\\\\vac-dashboard\\\\dataconnect\": could not find dataconnect.yaml in `d:\\WORK\\EGIS-UKRAINA\\PROJECTs\\vac-dashboard\\vac-dashboard\\dataconnect`\n"}}
[debug] [2025-11-26T09:49:43.500Z] E1126 11:49:43.500948   25404 watch.go:31] Failed to load config from "d:\\WORK\\EGIS-UKRAINA\\PROJECTs\\vac-dashboard\\vac-dashboard\\dataconnect": could not find dataconnect.yaml in `d:\WORK\EGIS-UKRAINA\PROJECTs\vac-dashboard\vac-dashboard\dataconnect`
 {"metadata":{"emulator":{"name":"dataconnect"},"message":"E1126 11:49:43.500948   25404 watch.go:31] Failed to load config from \"d:\\\\WORK\\\\EGIS-UKRAINA\\\\PROJECTs\\\\vac-dashboard\\\\vac-dashboard\\\\dataconnect\": could not find dataconnect.yaml in `d:\\WORK\\EGIS-UKRAINA\\PROJECTs\\vac-dashboard\\vac-dashboard\\dataconnect`\n"}}
[debug] [2025-11-26T09:49:53.501Z] E1126 11:49:53.501357   25404 watch.go:31] Failed to load config from "d:\\WORK\\EGIS-UKRAINA\\PROJECTs\\vac-dashboard\\vac-dashboard\\dataconnect": could not find dataconnect.yaml in `d:\WORK\EGIS-UKRAINA\PROJECTs\vac-dashboard\vac-dashboard\dataconnect`
 {"metadata":{"emulator":{"name":"dataconnect"},"message":"E1126 11:49:53.501357   25404 watch.go:31] Failed to load config from \"d:\\\\WORK\\\\EGIS-UKRAINA\\\\PROJECTs\\\\vac-dashboard\\\\vac-dashboard\\\\dataconnect\": could not find dataconnect.yaml in `d:\\WORK\\EGIS-UKRAINA\\PROJECTs\\vac-dashboard\\vac-dashboard\\dataconnect`\n"}}
[debug] [2025-11-26T09:50:03.501Z] E1126 11:50:03.500966   25404 watch.go:31] Failed to load config from "d:\\WORK\\EGIS-UKRAINA\\PROJECTs\\vac-dashboard\\vac-dashboard\\dataconnect": could not find dataconnect.yaml in `d:\WORK\EGIS-UKRAINA\PROJECTs\vac-dashboard\vac-dashboard\dataconnect`
 {"metadata":{"emulator":{"name":"dataconnect"},"message":"E1126 11:50:03.500966   25404 watch.go:31] Failed to load config from \"d:\\\\WORK\\\\EGIS-UKRAINA\\\\PROJECTs\\\\vac-dashboard\\\\vac-dashboard\\\\dataconnect\": could not find dataconnect.yaml in `d:\\WORK\\EGIS-UKRAINA\\PROJECTs\\vac-dashboard\\vac-dashboard\\dataconnect`\n"}}
[debug] [2025-11-26T09:50:13.501Z] E1126 11:50:13.501228   25404 watch.go:31] Failed to load config from "d:\\WORK\\EGIS-UKRAINA\\PROJECTs\\vac-dashboard\\vac-dashboard\\dataconnect": could not find dataconnect.yaml in `d:\WORK\EGIS-UKRAINA\PROJECTs\vac-dashboard\vac-dashboard\dataconnect`
 {"metadata":{"emulator":{"name":"dataconnect"},"message":"E1126 11:50:13.501228   25404 watch.go:31] Failed to load config from \"d:\\\\WORK\\\\EGIS-UKRAINA\\\\PROJECTs\\\\vac-dashboard\\\\vac-dashboard\\\\dataconnect\": could not find dataconnect.yaml in `d:\\WORK\\EGIS-UKRAINA\\PROJECTs\\vac-dashboard\\vac-dashboard\\dataconnect`\n"}}
[debug] [2025-11-26T09:50:23.501Z] E1126 11:50:23.501220   25404 watch.go:31] Failed to load config from "d:\\WORK\\EGIS-UKRAINA\\PROJECTs\\vac-dashboard\\vac-dashboard\\dataconnect": could not find dataconnect.yaml in `d:\WORK\EGIS-UKRAINA\PROJECTs\vac-dashboard\vac-dashboard\dataconnect`
 {"metadata":{"emulator":{"name":"dataconnect"},"message":"E1126 11:50:23.501220   25404 watch.go:31] Failed to load config from \"d:\\\\WORK\\\\EGIS-UKRAINA\\\\PROJECTs\\\\vac-dashboard\\\\vac-dashboard\\\\dataconnect\": could not find dataconnect.yaml in `d:\\WORK\\EGIS-UKRAINA\\PROJECTs\\vac-dashboard\\vac-dashboard\\dataconnect`\n"}}
[debug] [2025-11-26T09:50:33.500Z] E1126 11:50:33.500735   25404 watch.go:31] Failed to load config from "d:\\WORK\\EGIS-UKRAINA\\PROJECTs\\vac-dashboard\\vac-dashboard\\dataconnect": could not find dataconnect.yaml in `d:\WORK\EGIS-UKRAINA\PROJECTs\vac-dashboard\vac-dashboard\dataconnect`
 {"metadata":{"emulator":{"name":"dataconnect"},"message":"E1126 11:50:33.500735   25404 watch.go:31] Failed to load config from \"d:\\\\WORK\\\\EGIS-UKRAINA\\\\PROJECTs\\\\vac-dashboard\\\\vac-dashboard\\\\dataconnect\": could not find dataconnect.yaml in `d:\\WORK\\EGIS-UKRAINA\\PROJECTs\\vac-dashboard\\vac-dashboard\\dataconnect`\n"}}
[debug] [2025-11-26T09:50:43.500Z] E1126 11:50:43.500569   25404 watch.go:31] Failed to load config from "d:\\WORK\\EGIS-UKRAINA\\PROJECTs\\vac-dashboard\\vac-dashboard\\dataconnect": could not find dataconnect.yaml in `d:\WORK\EGIS-UKRAINA\PROJECTs\vac-dashboard\vac-dashboard\dataconnect`
 {"metadata":{"emulator":{"name":"dataconnect"},"message":"E1126 11:50:43.500569   25404 watch.go:31] Failed to load config from \"d:\\\\WORK\\\\EGIS-UKRAINA\\\\PROJECTs\\\\vac-dashboard\\\\vac-dashboard\\\\dataconnect\": could not find dataconnect.yaml in `d:\\WORK\\EGIS-UKRAINA\\PROJECTs\\vac-dashboard\\vac-dashboard\\dataconnect`\n"}}
[debug] [2025-11-26T09:50:53.500Z] E1126 11:50:53.500914   25404 watch.go:31] Failed to load config from "d:\\WORK\\EGIS-UKRAINA\\PROJECTs\\vac-dashboard\\vac-dashboard\\dataconnect": could not find dataconnect.yaml in `d:\WORK\EGIS-UKRAINA\PROJECTs\vac-dashboard\vac-dashboard\dataconnect`
 {"metadata":{"emulator":{"name":"dataconnect"},"message":"E1126 11:50:53.500914   25404 watch.go:31] Failed to load config from \"d:\\\\WORK\\\\EGIS-UKRAINA\\\\PROJECTs\\\\vac-dashboard\\\\vac-dashboard\\\\dataconnect\": could not find dataconnect.yaml in `d:\\WORK\\EGIS-UKRAINA\\PROJECTs\\vac-dashboard\\vac-dashboard\\dataconnect`\n"}}
[debug] [2025-11-26T09:51:03.501Z] E1126 11:51:03.500939   25404 watch.go:31] Failed to load config from "d:\\WORK\\EGIS-UKRAINA\\PROJECTs\\vac-dashboard\\vac-dashboard\\dataconnect": could not find dataconnect.yaml in `d:\WORK\EGIS-UKRAINA\PROJECTs\vac-dashboard\vac-dashboard\dataconnect`
 {"metadata":{"emulator":{"name":"dataconnect"},"message":"E1126 11:51:03.500939   25404 watch.go:31] Failed to load config from \"d:\\\\WORK\\\\EGIS-UKRAINA\\\\PROJECTs\\\\vac-dashboard\\\\vac-dashboard\\\\dataconnect\": could not find dataconnect.yaml in `d:\\WORK\\EGIS-UKRAINA\\PROJECTs\\vac-dashboard\\vac-dashboard\\dataconnect`\n"}}
[debug] [2025-11-26T09:51:13.501Z] E1126 11:51:13.501062   25404 watch.go:31] Failed to load config from "d:\\WORK\\EGIS-UKRAINA\\PROJECTs\\vac-dashboard\\vac-dashboard\\dataconnect": could not find dataconnect.yaml in `d:\WORK\EGIS-UKRAINA\PROJECTs\vac-dashboard\vac-dashboard\dataconnect`
 {"metadata":{"emulator":{"name":"dataconnect"},"message":"E1126 11:51:13.501062   25404 watch.go:31] Failed to load config from \"d:\\\\WORK\\\\EGIS-UKRAINA\\\\PROJECTs\\\\vac-dashboard\\\\vac-dashboard\\\\dataconnect\": could not find dataconnect.yaml in `d:\\WORK\\EGIS-UKRAINA\\PROJECTs\\vac-dashboard\\vac-dashboard\\dataconnect`\n"}}
[debug] [2025-11-26T09:51:23.501Z] E1126 11:51:23.500865   25404 watch.go:31] Failed to load config from "d:\\WORK\\EGIS-UKRAINA\\PROJECTs\\vac-dashboard\\vac-dashboard\\dataconnect": could not find dataconnect.yaml in `d:\WORK\EGIS-UKRAINA\PROJECTs\vac-dashboard\vac-dashboard\dataconnect`
E1126 11:51:23.500865   25404 watch.go:102] watchAllDir unable to walk dir `d:\WORK\EGIS-UKRAINA\PROJECTs\vac-dashboard\vac-dashboard\dataconnect`: CreateFile d:\WORK\EGIS-UKRAINA\PROJECTs\vac-dashboard\vac-dashboard\dataconnect: The system cannot find the file specified.
 {"metadata":{"emulator":{"name":"dataconnect"},"message":"E1126 11:51:23.500865   25404 watch.go:31] Failed to load config from \"d:\\\\WORK\\\\EGIS-UKRAINA\\\\PROJECTs\\\\vac-dashboard\\\\vac-dashboard\\\\dataconnect\": could not find dataconnect.yaml in `d:\\WORK\\EGIS-UKRAINA\\PROJECTs\\vac-dashboard\\vac-dashboard\\dataconnect`\nE1126 11:51:23.500865   25404 watch.go:102] watchAllDir unable to walk dir `d:\\WORK\\EGIS-UKRAINA\\PROJECTs\\vac-dashboard\\vac-dashboard\\dataconnect`: CreateFile d:\\WORK\\EGIS-UKRAINA\\PROJECTs\\vac-dashboard\\vac-dashboard\\dataconnect: The system cannot find the file specified.\n"}}
